  0
SECTION
  2
HEADER
  9
$ACADVER
  1
AC1027
  9
$ACADMAINTVER
 70
105
  9
$DWGCODEPAGE
  3
ANSI_1252
  9
$LASTSAVEDBY
  1
ezdxf
  9
$REQUIREDVERSIONS
160
0
  9
$INSBASE
 10
0.0
 20
0.0
 30
0.0
  9
$EXTMIN
 10
1e+20
 20
1e+20
 30
1e+20
  9
$EXTMAX
 10
-1e+20
 20
-1e+20
 30
-1e+20
  9
$LIMMIN
 10
0.0
 20
0.0
  9
$LIMMAX
 10
420.0
 20
297.0
  9
$ORTHOMODE
 70
0
  9
$REGENMODE
 70
1
  9
$FILLMODE
 70
1
  9
$QTEXTMODE
 70
0
  9
$MIRRTEXT
 70
1
  9
$LTSCALE
 40
1.0
  9
$ATTMODE
 70
1
  9
$TEXTSIZE
 40
2.5
  9
$TRACEWID
 40
1.0
  9
$TEXTSTYLE
  7
Standard
  9
$CLAYER
  8
0
  9
$CELTYPE
  6
ByLayer
  9
$CECOLOR
 62
256
  9
$CELTSCALE
 40
1.0
  9
$DISPSILH
 70
0
  9
$DIMSCALE
 40
1.0
  9
$DIMASZ
 40
2.5
  9
$DIMEXO
 40
0.625
  9
$DIMDLI
 40
3.75
  9
$DIMRND
 40
0.0
  9
$DIMDLE
 40
0.0
  9
$DIMEXE
 40
1.25
  9
$DIMTP
 40
0.0
  9
$DIMTM
 40
0.0
  9
$DIMTXT
 40
2.5
  9
$DIMCEN
 40
2.5
  9
$DIMTSZ
 40
0.0
  9
$DIMTOL
 70
0
  9
$DIMLIM
 70
0
  9
$DIMTIH
 70
0
  9
$DIMTOH
 70
0
  9
$DIMSE1
 70
0
  9
$DIMSE2
 70
0
  9
$DIMTAD
 70
1
  9
$DIMZIN
 70
8
  9
$DIMBLK
  1

  9
$DIMASO
 70
1
  9
$DIMSHO
 70
1
  9
$DIMPOST
  1

  9
$DIMAPOST
  1

  9
$DIMALT
 70
0
  9
$DIMALTD
 70
3
  9
$DIMALTF
 40
0.03937007874
  9
$DIMLFAC
 40
1.0
  9
$DIMTOFL
 70
1
  9
$DIMTVP
 40
0.0
  9
$DIMTIX
 70
0
  9
$DIMSOXD
 70
0
  9
$DIMSAH
 70
0
  9
$DIMBLK1
  1

  9
$DIMBLK2
  1

  9
$DIMSTYLE
  2
ISO-25
  9
$DIMCLRD
 70
0
  9
$DIMCLRE
 70
0
  9
$DIMCLRT
 70
0
  9
$DIMTFAC
 40
1.0
  9
$DIMGAP
 40
0.625
  9
$DIMJUST
 70
0
  9
$DIMSD1
 70
0
  9
$DIMSD2
 70
0
  9
$DIMTOLJ
 70
0
  9
$DIMTZIN
 70
8
  9
$DIMALTZ
 70
0
  9
$DIMALTTZ
 70
0
  9
$DIMUPT
 70
0
  9
$DIMDEC
 70
2
  9
$DIMTDEC
 70
2
  9
$DIMALTU
 70
2
  9
$DIMALTTD
 70
3
  9
$DIMTXSTY
  7
Standard
  9
$DIMAUNIT
 70
0
  9
$DIMADEC
 70
0
  9
$DIMALTRND
 40
0.0
  9
$DIMAZIN
 70
0
  9
$DIMDSEP
 70
44
  9
$DIMATFIT
 70
3
  9
$DIMFRAC
 70
0
  9
$DIMLDRBLK
  1

  9
$DIMLUNIT
 70
2
  9
$DIMLWD
 70
-2
  9
$DIMLWE
 70
-2
  9
$DIMTMOVE
 70
0
  9
$DIMFXL
 40
1.0
  9
$DIMFXLON
 70
0
  9
$DIMJOGANG
 40
0.785398163397
  9
$DIMTFILL
 70
0
  9
$DIMTFILLCLR
 70
0
  9
$DIMARCSYM
 70
0
  9
$DIMLTYPE
  6

  9
$DIMLTEX1
  6

  9
$DIMLTEX2
  6

  9
$DIMTXTDIRECTION
 70
0
  9
$LUNITS
 70
2
  9
$LUPREC
 70
4
  9
$SKETCHINC
 40
1.0
  9
$FILLETRAD
 40
10.0
  9
$AUNITS
 70
0
  9
$AUPREC
 70
2
  9
$MENU
  1
.
  9
$ELEVATION
 40
0.0
  9
$PELEVATION
 40
0.0
  9
$THICKNESS
 40
0.0
  9
$LIMCHECK
 70
0
  9
$CHAMFERA
 40
0.0
  9
$CHAMFERB
 40
0.0
  9
$CHAMFERC
 40
0.0
  9
$CHAMFERD
 40
0.0
  9
$SKPOLY
 70
0
  9
$TDCREATE
 40
2460972.704513889
  9
$TDUCREATE
 40
2458532.153996898
  9
$TDUPDATE
 40
2460972.704525463
  9
$TDUUPDATE
 40
2458532.1544311
  9
$TDINDWG
 40
0.0
  9
$TDUSRTIMER
 40
0.0
  9
$USRTIMER
 70
1
  9
$ANGBASE
 50
0.0
  9
$ANGDIR
 70
0
  9
$PDMODE
 70
0
  9
$PDSIZE
 40
0.0
  9
$PLINEWID
 40
0.0
  9
$SPLFRAME
 70
0
  9
$SPLINETYPE
 70
6
  9
$SPLINESEGS
 70
8
  9
$HANDSEED
  5
9D
  9
$SURFTAB1
 70
6
  9
$SURFTAB2
 70
6
  9
$SURFTYPE
 70
6
  9
$SURFU
 70
6
  9
$SURFV
 70
6
  9
$UCSBASE
  2

  9
$UCSNAME
  2

  9
$UCSORG
 10
0.0
 20
0.0
 30
0.0
  9
$UCSXDIR
 10
1.0
 20
0.0
 30
0.0
  9
$UCSYDIR
 10
0.0
 20
1.0
 30
0.0
  9
$UCSORTHOREF
  2

  9
$UCSORTHOVIEW
 70
0
  9
$UCSORGTOP
 10
0.0
 20
0.0
 30
0.0
  9
$UCSORGBOTTOM
 10
0.0
 20
0.0
 30
0.0
  9
$UCSORGLEFT
 10
0.0
 20
0.0
 30
0.0
  9
$UCSORGRIGHT
 10
0.0
 20
0.0
 30
0.0
  9
$UCSORGFRONT
 10
0.0
 20
0.0
 30
0.0
  9
$UCSORGBACK
 10
0.0
 20
0.0
 30
0.0
  9
$PUCSBASE
  2

  9
$PUCSNAME
  2

  9
$PUCSORG
 10
0.0
 20
0.0
 30
0.0
  9
$PUCSXDIR
 10
1.0
 20
0.0
 30
0.0
  9
$PUCSYDIR
 10
0.0
 20
1.0
 30
0.0
  9
$PUCSORTHOREF
  2

  9
$PUCSORTHOVIEW
 70
0
  9
$PUCSORGTOP
 10
0.0
 20
0.0
 30
0.0
  9
$PUCSORGBOTTOM
 10
0.0
 20
0.0
 30
0.0
  9
$PUCSORGLEFT
 10
0.0
 20
0.0
 30
0.0
  9
$PUCSORGRIGHT
 10
0.0
 20
0.0
 30
0.0
  9
$PUCSORGFRONT
 10
0.0
 20
0.0
 30
0.0
  9
$PUCSORGBACK
 10
0.0
 20
0.0
 30
0.0
  9
$USERI1
 70
0
  9
$USERI2
 70
0
  9
$USERI3
 70
0
  9
$USERI4
 70
0
  9
$USERI5
 70
0
  9
$USERR1
 40
0.0
  9
$USERR2
 40
0.0
  9
$USERR3
 40
0.0
  9
$USERR4
 40
0.0
  9
$USERR5
 40
0.0
  9
$WORLDVIEW
 70
1
  9
$SHADEDGE
 70
3
  9
$SHADEDIF
 70
70
  9
$TILEMODE
 70
1
  9
$MAXACTVP
 70
64
  9
$PINSBASE
 10
0.0
 20
0.0
 30
0.0
  9
$PLIMCHECK
 70
0
  9
$PEXTMIN
 10
1e+20
 20
1e+20
 30
1e+20
  9
$PEXTMAX
 10
-1e+20
 20
-1e+20
 30
-1e+20
  9
$PLIMMIN
 10
0.0
 20
0.0
  9
$PLIMMAX
 10
420.0
 20
297.0
  9
$UNITMODE
 70
0
  9
$VISRETAIN
 70
1
  9
$PLINEGEN
 70
0
  9
$PSLTSCALE
 70
1
  9
$TREEDEPTH
 70
3020
  9
$CMLSTYLE
  2
Standard
  9
$CMLJUST
 70
0
  9
$CMLSCALE
 40
20.0
  9
$PROXYGRAPHICS
 70
1
  9
$MEASUREMENT
 70
1
  9
$CELWEIGHT
370
-1
  9
$ENDCAPS
280
0
  9
$JOINSTYLE
280
0
  9
$LWDISPLAY
290
0
  9
$INSUNITS
 70
6
  9
$HYPERLINKBASE
  1

  9
$STYLESHEET
  1

  9
$XEDIT
290
1
  9
$CEPSNTYPE
380
0
  9
$PSTYLEMODE
290
1
  9
$FINGERPRINTGUID
  2
{249EE3B8-762A-429D-B52F-481B55E4330A}
  9
$VERSIONGUID
  2
{8F406B07-C9CA-44A2-8B96-D73A6DEC69C5}
  9
$EXTNAMES
290
1
  9
$PSVPSCALE
 40
0.0
  9
$OLESTARTUP
290
0
  9
$SORTENTS
280
127
  9
$INDEXCTL
280
0
  9
$HIDETEXT
280
1
  9
$XCLIPFRAME
280
1
  9
$HALOGAP
280
0
  9
$OBSCOLOR
 70
257
  9
$OBSLTYPE
280
0
  9
$INTERSECTIONDISPLAY
280
0
  9
$INTERSECTIONCOLOR
 70
257
  9
$DIMASSOC
280
2
  9
$PROJECTNAME
  1

  9
$CAMERADISPLAY
290
0
  9
$LENSLENGTH
 40
50.0
  9
$CAMERAHEIGHT
 40
0.0
  9
$STEPSPERSEC
 40
24.0
  9
$STEPSIZE
 40
100.0
  9
$3DDWFPREC
 40
2.0
  9
$PSOLWIDTH
 40
0.005
  9
$PSOLHEIGHT
 40
0.08
  9
$LOFTANG1
 40
1.570796326795
  9
$LOFTANG2
 40
1.570796326795
  9
$LOFTMAG1
 40
0.0
  9
$LOFTMAG2
 40
0.0
  9
$LOFTPARAM
 70
7
  9
$LOFTNORMALS
280
1
  9
$LATITUDE
 40
37.795
  9
$LONGITUDE
 40
-122.394
  9
$NORTHDIRECTION
 40
0.0
  9
$TIMEZONE
 70
-8000
  9
$LIGHTGLYPHDISPLAY
280
1
  9
$TILEMODELIGHTSYNCH
280
1
  9
$CMATERIAL
347
20
  9
$SOLIDHIST
280
0
  9
$SHOWHIST
280
1
  9
$DWFFRAME
280
2
  9
$DGNFRAME
280
2
  9
$REALWORLDSCALE
290
1
  9
$INTERFERECOLOR
 62
256
  9
$CSHADOW
280
0
  9
$SHADOWPLANELOCATION
 40
0.0
  0
ENDSEC
  0
SECTION
  2
CLASSES
  0
CLASS
  1
ACDBDICTIONARYWDFLT
  2
AcDbDictionaryWithDefault
  3
ObjectDBX Classes
 90
0
 91
0
280
0
281
0
  0
CLASS
  1
SUN
  2
AcDbSun
  3
SCENEOE
 90
1153
 91
0
280
0
281
0
  0
CLASS
  1
VISUALSTYLE
  2
AcDbVisualStyle
  3
ObjectDBX Classes
 90
4095
 91
0
280
0
281
0
  0
CLASS
  1
MATERIAL
  2
AcDbMaterial
  3
ObjectDBX Classes
 90
1153
 91
0
280
0
281
0
  0
CLASS
  1
SCALE
  2
AcDbScale
  3
ObjectDBX Classes
 90
1153
 91
0
280
0
281
0
  0
CLASS
  1
TABLESTYLE
  2
AcDbTableStyle
  3
ObjectDBX Classes
 90
4095
 91
0
280
0
281
0
  0
CLASS
  1
MLEADERSTYLE
  2
AcDbMLeaderStyle
  3
ACDB_MLEADERSTYLE_CLASS
 90
4095
 91
0
280
0
281
0
  0
CLASS
  1
DICTIONARYVAR
  2
AcDbDictionaryVar
  3
ObjectDBX Classes
 90
0
 91
0
280
0
281
0
  0
CLASS
  1
CELLSTYLEMAP
  2
AcDbCellStyleMap
  3
ObjectDBX Classes
 90
1152
 91
0
280
0
281
0
  0
CLASS
  1
MENTALRAYRENDERSETTINGS
  2
AcDbMentalRayRenderSettings
  3
SCENEOE
 90
1024
 91
0
280
0
281
0
  0
CLASS
  1
ACDBDETAILVIEWSTYLE
  2
AcDbDetailViewStyle
  3
ObjectDBX Classes
 90
1025
 91
0
280
0
281
0
  0
CLASS
  1
ACDBSECTIONVIEWSTYLE
  2
AcDbSectionViewStyle
  3
ObjectDBX Classes
 90
1025
 91
0
280
0
281
0
  0
CLASS
  1
RASTERVARIABLES
  2
AcDbRasterVariables
  3
ISM
 90
0
 91
0
280
0
281
0
  0
CLASS
  1
LAYOUT
  2
AcDbLayout
  3
ObjectDBX Classes
 90
0
 91
0
280
0
281
0
  0
CLASS
  1
ACDBPLACEHOLDER
  2
AcDbPlaceHolder
  3
ObjectDBX Classes
 90
0
 91
0
280
0
281
0
  0
ENDSEC
  0
SECTION
  2
TABLES
  0
TABLE
  2
VPORT
  5
8
330
0
100
AcDbSymbolTable
 70
1
  0
VPORT
  5
23
330
8
100
AcDbSymbolTableRecord
100
AcDbViewportTableRecord
  2
*Active
 70
0
 10
0.0
 20
0.0
 11
1.0
 21
1.0
 12
0.0
 22
0.0
 13
0.0
 23
0.0
 14
0.5
 24
0.5
 15
0.5
 25
0.5
 16
0.0
 26
0.0
 36
1.0
 17
0.0
 27
0.0
 37
0.0
 40
1000.0
 41
1.34
 42
50.0
 43
0.0
 44
0.0
 50
0.0
 51
0.0
 71
0
 72
1000
 73
1
 74
3
 75
0
 76
0
 77
0
 78
0
281
0
 65
0
146
0.0
  0
ENDTAB
  0
TABLE
  2
LTYPE
  5
2
330
0
100
AcDbSymbolTable
 70
3
  0
LTYPE
  5
24
330
2
100
AcDbSymbolTableRecord
100
AcDbLinetypeTableRecord
  2
ByBlock
 70
0
  3

 72
65
 73
0
 40
0.0
  0
LTYPE
  5
25
330
2
100
AcDbSymbolTableRecord
100
AcDbLinetypeTableRecord
  2
ByLayer
 70
0
  3

 72
65
 73
0
 40
0.0
  0
LTYPE
  5
26
330
2
100
AcDbSymbolTableRecord
100
AcDbLinetypeTableRecord
  2
Continuous
 70
0
  3

 72
65
 73
0
 40
0.0
  0
ENDTAB
  0
TABLE
  2
LAYER
  5
1
330
0
100
AcDbSymbolTable
 70
2
  0
LAYER
  5
27
330
1
100
AcDbSymbolTableRecord
100
AcDbLayerTableRecord
  2
0
 70
0
 62
7
  6
Continuous
370
-3
390
13
347
21
  0
LAYER
  5
28
330
1
100
AcDbSymbolTableRecord
100
AcDbLayerTableRecord
  2
Defpoints
 70
0
 62
7
  6
Continuous
290
0
370
-3
390
13
347
21
  0
ENDTAB
  0
TABLE
  2
STYLE
  5
5
330
0
100
AcDbSymbolTable
 70
1
  0
STYLE
  5
29
330
5
100
AcDbSymbolTableRecord
100
AcDbTextStyleTableRecord
  2
Standard
 70
0
 40
0.0
 41
1.0
 50
0.0
 71
0
 42
2.5
  3
txt
  4

  0
ENDTAB
  0
TABLE
  2
VIEW
  5
7
330
0
100
AcDbSymbolTable
 70
0
  0
ENDTAB
  0
TABLE
  2
UCS
  5
6
330
0
100
AcDbSymbolTable
 70
0
  0
ENDTAB
  0
TABLE
  2
APPID
  5
3
330
0
100
AcDbSymbolTable
 70
3
  0
APPID
  5
2A
330
3
100
AcDbSymbolTableRecord
100
AcDbRegAppTableRecord
  2
ACAD
 70
0
  0
APPID
  5
9A
330
3
100
AcDbSymbolTableRecord
100
AcDbRegAppTableRecord
  2
HATCHBACKGROUNDCOLOR
 70
0
  0
APPID
  5
9B
330
3
100
AcDbSymbolTableRecord
100
AcDbRegAppTableRecord
  2
EZDXF
 70
0
  0
ENDTAB
  0
TABLE
  2
DIMSTYLE
  5
4
330
0
100
AcDbSymbolTable
 70
1
100
AcDbDimStyleTable
  0
DIMSTYLE
105
2B
330
4
100
AcDbSymbolTableRecord
100
AcDbDimStyleTableRecord
  2
Standard
 70
0
 40
1.0
 41
2.5
 42
0.625
 43
3.75
 44
1.25
 45
0.0
 46
0.0
 47
0.0
 48
0.0
 49
2.5
140
2.5
141
2.5
142
0.0
143
0.03937007874
144
1.0
145
0.0
146
1.0
147
0.625
148
0.0
 69
0
 70
0
 71
0
 72
0
 73
0
 74
0
 75
0
 76
0
 77
1
 78
8
 79
3
170
0
171
3
172
1
173
0
174
0
175
0
176
0
177
0
178
0
179
2
271
2
272
2
273
2
274
3
275
0
276
0
277
2
278
44
279
0
280
0
281
0
282
0
283
0
284
8
285
0
286
0
288
0
289
3
290
0
371
-2
372
-2
  0
ENDTAB
  0
TABLE
  2
BLOCK_RECORD
  5
9
330
0
100
AcDbSymbolTable
 70
2
  0
BLOCK_RECORD
  5
17
330
9
100
AcDbSymbolTableRecord
100
AcDbBlockTableRecord
  2
*Model_Space
340
1A
 70
0
280
1
281
0
  0
BLOCK_RECORD
  5
1B
330
9
100
AcDbSymbolTableRecord
100
AcDbBlockTableRecord
  2
*Paper_Space
340
1E
 70
0
280
1
281
0
  0
ENDTAB
  0
ENDSEC
  0
SECTION
  2
BLOCKS
  0
BLOCK
  5
18
330
17
100
AcDbEntity
  8
0
100
AcDbBlockBegin
  2
*Model_Space
 70
0
 10
0.0
 20
0.0
 30
0.0
  3
*Model_Space
  1

  0
ENDBLK
  5
19
330
17
100
AcDbEntity
  8
0
100
AcDbBlockEnd
  0
BLOCK
  5
1C
330
1B
100
AcDbEntity
  8
0
100
AcDbBlockBegin
  2
*Paper_Space
 70
0
 10
0.0
 20
0.0
 30
0.0
  3
*Paper_Space
  1

  0
ENDBLK
  5
1D
330
1B
100
AcDbEntity
  8
0
100
AcDbBlockEnd
  0
ENDSEC
  0
SECTION
  2
ENTITIES
  0
LWPOLYLINE
  5
2F
330
17
100
AcDbEntity
  8
0
100
AcDbPolyline
 90
92
 70
0
 10
2020.2919421000001
 20
1922.5314911000003
 10
2028.9899406237123
 20
1834.319516002344
 10
2030.9746274752138
 20
1826.7808349720706
 10
2031.9192251963136
 20
1819.0427215687503
 10
2031.806300620508
 20
1811.247998058008
 10
2030.6379422945497
 20
1803.5405166737307
 10
2029.8575720591066
 20
1799.5870407215823
 10
2028.5867032808778
 20
1795.7629593006839
 10
2026.8454704088686
 20
1792.128811656641
 10
2024.661468009424
 20
1788.742237865137
 10
2022.0693025393007
 20
1785.6568725697268
 10
2019.1100535196779
 20
1782.921582042383
 10
2015.8306107325075
 20
1780.5797775379885
 10
2008.1954861169233
 20
1776.3151600354438
 10
1996.4401473626183
 20
1768.5249116516784
 10
1989.1219410700319
 20
1762.5845153919925
 10
1984.9074921411989
 20
1756.6237075916995
 10
1981.543940047693
 20
1750.1445205799807
 10
1981.4838537973878
 20
1647.6735885731448
 10
1982.27240417428
 20
1644.4567688099612
 10
1983.5826573175905
 20
1641.4148910633792
 10
1985.378454665613
 20
1638.6319549671878
 10
1987.610219459009
 20
1636.1847122303714
 10
1990.216363410425
 20
1634.1407592884768
 10
1996.2188467783449
 20
1631.400814830469
 10
2002.5908455652711
 20
1629.6723373524417
 10
2012.4259886545656
 20
1628.5805709950198
 10
2019.0219411653993
 20
1628.869534312891
 10
2033.8861188692567
 20
1630.0469024769534
 10
2038.8470184059838
 20
1629.9658832321645
 10
2048.7759414715288
 20
1629.2575271717776
 10
2053.3680040044305
 20
1627.3349197499026
 10
2057.7031234865603
 20
1624.8874481312503
 10
2063.5945275825975
 20
1620.3077133290042
 10
2065.3679415983675
 20
1618.5595138661135
 10
2069.0931532186983
 20
1610.4218872181643
 10
2074.168942908716
 20
1603.0507095448245
 10
2080.442498664331
 20
1596.6678436390628
 10
2087.724941710901
 20
1591.465512096094
 10
2095.1779780191896
 20
1589.9039276234378
 10
2102.7611717981813
 20
1589.2100341908206
 10
2110.3738484186647
 20
1589.3930252186526
 10
2117.9149422449586
 20
1590.4505355946292
 10
2169.9587664408205
 20
1595.3781707875003
 10
2222.0899424356935
 20
1599.2745025746096
 10
2371.602939109277
 20
1599.2745025746096
 10
2396.056456433529
 20
1598.2610651517346
 10
2410.61737392373
 20
1596.8227966419925
 10
2425.043582841115
 20
1594.3787003519385
 10
2454.491504172754
 20
1587.8991134754885
 10
2460.1698717875
 20
1587.6875122181643
 10
2465.82001064248
 20
1588.2910354725589
 10
2471.3255724710934
 20
1589.6972854725589
 10
2476.5730700296876
 20
1591.877232371973
 10
2481.454394797754
 20
1594.7860153309573
 10
2485.8690295023434
 20
1598.3636673084964
 10
2489.725955466699
 20
1602.536526500391
 10
2498.4359392923825
 20
1623.0835159413089
 10
2498.435939292382
 20
1928.3325012318362
 10
2498.9999422831047
 20
1937.7991302601565
 10
2497.8060183329094
 20
1947.2070129505862
 10
2494.895328025292
 20
1956.2326629750003
 10
2490.3679308695305
 20
1964.5654876820315
 10
2480.853923301171
 20
1972.0033844105471
 10
2470.264399985742
 20
1977.8086670033206
 10
2458.8769182962883
 20
1981.8291290394534
 10
2446.9899401468747
 20
1983.9594848744143
 10
2433.3783001366005
 20
1986.2963176927285
 10
2396.953520190087
 20
1991.5451605155777
 10
2364.8799357218254
 20
1994.5765503041018
 10
2162.1478209299553
 20
1998.99992066543
 10
2156.2213644785393
 20
1997.9611786000003
 10
2150.460723380517
 20
1996.224270641016
 10
2144.947818259667
 20
1993.813916026758
 10
2142.308944205712
 20
1992.3665435902346
 10
2133.1700405878532
 20
1983.2667358509768
 10
2120.492003898095
 20
1968.4343536488284
 10
2115.5020603937614
 20
1964.0855224720706
 10
2110.025490264367
 20
1960.368099986719
 10
2104.1417393488396
 20
1957.3360260121096
 10
2097.936147193383
 20
1955.0333221546878
 10
2091.4987335009087
 20
1953.493328868555
 10
2084.92287013955
 20
1952.7384002796878
 10
2074.0519720626116
 20
1952.7080478427556
 10
2057.1350285740014
 20
1951.5267326195876
 10
2039.835650662851
 20
1948.1874664417971
 10
2035.3584394258974
 20
1946.2366302601565
 10
2031.2748226923463
 20
1943.5579498402346
 10
2027.702022532892
 20
1940.2282531849612
 10
2024.7425946993349
 20
1936.3432891957034
 10
2022.481485347223
 20
1932.0144470326175
 10
2020.9836015505311
 20
1927.3660858265628
  0
CIRCLE
  5
30
330
17
100
AcDbEntity
  8
0
100
AcDbCircle
 10
2452.2799334330075
 20
1665.2655227772464
 30
0.0
 40
14.50000047683716
  0
CIRCLE
  5
31
330
17
100
AcDbEntity
  8
0
100
AcDbCircle
 10
2454.330943564843
 20
1904.11954957168
 30
0.0
 40
14.50000047683716
  0
LWPOLYLINE
  5
32
330
17
100
AcDbEntity
  8
0
100
AcDbPolyline
 90
96
 70
0
 10
2000.6747011000004
 20
744.090829297916
 10
2002.9981862890852
 20
733.6250740744504
 10
2004.348178272852
 20
730.302873060123
 10
2007.8047899061528
 20
724.0347151011385
 10
2012.2293046766606
 20
718.4079221934238
 10
2017.5053361708012
 20
713.5704664439121
 10
2026.70465338113
 20
708.0522514769626
 10
2030.0379136854497
 20
706.7486814707677
 10
2036.9647172743169
 20
704.9438337534824
 10
2046.6079667860356
 20
703.8681272715488
 10
2056.3101533705076
 20
703.7352232188144
 10
2065.9792665296877
 20
704.5463422984044
 10
2075.523715382227
 20
706.2938169688144
 10
2099.285998707422
 20
713.3865980357091
 10
2123.3047822767576
 20
719.5553068369785
 10
2147.544131641992
 20
724.7907880991855
 10
2171.967730885156
 20
729.085183545963
 10
2196.5391115003904
 20
732.4320844859044
 10
2221.2214998060545
 20
734.8264555186191
 10
2245.9780458265623
 20
736.264787122623
 10
2270.771670704492
 20
736.7448286265294
 10
2319.4533876234373
 20
736.6286329478183
 10
2386.0574678236326
 20
738.4913877695958
 10
2403.888430958398
 20
740.546479627506
 10
2421.500430470117
 20
744.0082411021153
 10
2438.782687550195
 20
748.854813978092
 10
2448.506656056055
 20
752.9316190928381
 10
2457.702823048242
 20
758.0897001475256
 10
2466.251483326563
 20
764.2618421763342
 10
2474.041324024805
 20
771.3677076548498
 10
2480.970950489649
 20
779.314790174381
 10
2486.950030689844
 20
787.9995969981115
 10
2491.9007448011716
 20
797.3090223521154
 10
2495.758700733789
 20
807.1218351572912
 10
2498.0009684673787
 20
829.8114270572709
 10
2498.999972706445
 20
847.9814008921545
 10
2498.973340186169
 20
861.6267383574675
 10
2496.823077564844
 20
901.7622617930334
 10
2495.409350758203
 20
908.03461591901
 10
2493.344684010156
 20
914.1238645762365
 10
2488.991885548242
 20
919.4124845713537
 10
2484.025683766016
 20
924.1298155039709
 10
2473.5622743421877
 20
931.8861631602209
 10
2463.8707307630857
 20
940.5878690928381
 10
2460.540347462305
 20
947.6745847910803
 10
2457.858310108789
 20
955.0312284678381
 10
2455.846286183008
 20
962.598596021549
 10
2454.520450001367
 20
970.3158048838537
 10
2453.8914827162107
 20
978.1207517832678
 10
2453.964343433984
 20
985.9507230967444
 10
2454.73849809707
 20
993.74262373151
 10
2456.207690601953
 20
1001.4338163584631
 10
2457.444533178286
 20
1011.059031216049
 10
2458.990917447457
 20
1030.3616281357117
 10
2458.926730518945
 20
1049.754815503971
 10
2458.207278614649
 20
1056.7344907969398
 10
2456.555209522852
 20
1063.5539488047523
 10
2454.000506764063
 20
1070.0889829844398
 10
2450.589633350977
 20
1076.220879957096
 10
2446.384692555078
 20
1081.8379453867835
 10
2441.46213090957
 20
1086.8381742686195
 10
2435.9114412123045
 20
1091.1304716319007
 10
2429.83371294082
 20
1094.636865064518
 10
2308.2937196546873
 20
1163.3428434580726
 10
2298.192553883203
 20
1163.434014722721
 10
2288.1202272230466
 20
1162.6663450449867
 10
2278.1495240980466
 20
1161.045327588932
 10
2268.352694874414
 20
1158.5828642100257
 10
2256.5613893324216
 20
1152.4649290293617
 10
2244.2642549330076
 20
1147.4407438486976
 10
2231.5623811537107
 20
1143.5515073985023
 10
2218.5603669935545
 20
1140.829263135807
 10
2205.365176563867
 20
1139.2963651865882
 10
2192.0852998548826
 20
1138.9655546397132
 10
2178.8301423841795
 20
1139.8394254893226
 10
2161.4747497158505
 20
1142.499212536202
 10
2136.0099297660718
 20
1145.2956222952191
 10
2106.40109575332
 20
1146.2649778574867
 10
2098.2027772718748
 20
1145.2056364268226
 10
2090.2379182630857
 20
1142.993340894596
 10
2082.667727833398
 20
1139.67279951276
 10
2076.1789659315427
 20
1132.1090940684242
 10
2071.305423145898
 20
1123.4164671152992
 10
2068.2376817518552
 20
1113.9348081797523
 10
2067.0957139784177
 20
1104.034829542057
 10
2053.9126924330076
 20
959.914803907291
 10
2048.9769700819334
 20
955.4196409434238
 10
2043.5306886488283
 20
951.5588621348301
 10
2033.2849828379728
 20
951.3950624921509
 10
2029.9180177503908
 20
950.7480863779941
 10
2023.4063676649416
 20
948.6455015391269
 10
2017.3397401625002
 20
945.4803709238926
 10
2011.890101795801
 20
941.3422636240879
 10
2005.191171170678
 20
933.5788264373608
 10
2003.4378007704104
 20
930.6408170908848
 10
2000.6747011000004
 20
924.3808225840488
  0
LWPOLYLINE
  5
33
330
17
100
AcDbEntity
  8
0
100
AcDbPolyline
 90
95
 70
0
 10
2499.0000001000003
 20
1176.720055138998
 10
2499.0000001000003
 20
1357.010048425131
 10
2494.483530132369
 20
1366.2080570736275
 10
2492.4627915428714
 20
1368.9778266310025
 10
2487.7845994041995
 20
1373.9714942335415
 10
2482.3349610375003
 20
1378.1096015333462
 10
2476.268333535059
 20
1381.2747321485806
 10
2466.389698717686
 20
1384.0242902877528
 10
2462.9845658348636
 20
1384.3576941847134
 10
2456.1439744041995
 20
1384.1880927442837
 10
2450.6977311180667
 20
1388.0488715528775
 10
2445.76197062002
 20
1392.5440345167447
 10
2431.437019448145
 20
1546.564034020834
 10
2428.369239907129
 20
1556.045692956381
 10
2423.4957352684573
 20
1564.738319909506
 10
2417.006935219629
 20
1572.3020253538418
 10
2409.4367447899417
 20
1575.6225667356778
 10
2401.4718857811527
 20
1577.8348622679043
 10
2393.2735672997073
 20
1578.8942036985684
 10
2385.0079575584964
 20
1578.7790761350918
 10
2359.4081345604495
 20
1577.608955895834
 10
2355.1577294462
 20
1577.2183414526212
 10
2307.589363198145
 20
1571.594780480795
 10
2294.3094864891605
 20
1571.92559102767
 10
2281.114296059473
 20
1573.4584889768887
 10
2268.1122818993167
 20
1576.180733239584
 10
2255.41040812002
 20
1580.0699696897793
 10
2243.113273720606
 20
1585.0941548704434
 10
2231.3219681786136
 20
1591.2120900511075
 10
2221.525138954981
 20
1593.6745534300137
 10
2211.554435829981
 20
1595.2955708860684
 10
2201.4821091698245
 20
1596.0632405638028
 10
2191.38094339834
 20
1595.9720692991543
 10
2063.7632218407225
 20
1523.7596974729825
 10
2058.212532143457
 20
1519.4674048780728
 10
2053.28997049795
 20
1514.4671759962368
 10
2049.0850297020506
 20
1508.8501105665493
 10
2045.6741562889652
 20
1502.718213593893
 10
2043.119453530176
 20
1496.1831794142056
 10
2041.467384438379
 20
1489.363721406393
 10
2040.747932534082
 20
1482.3840437292386
 10
2040.59870696384
 20
1472.6808589871027
 10
2041.227552698147
 20
1453.3266564817507
 10
2043.466972451075
 20
1434.0630445837307
 10
2044.936164955957
 20
1426.3718519567776
 10
2045.710319619043
 20
1418.579951322012
 10
2045.7831803368172
 20
1410.7499800085354
 10
2045.1542130516611
 20
1402.9450354933072
 10
2043.82837687002
 20
1395.2278266310025
 10
2041.816352944239
 20
1387.6604590772915
 10
2039.134315590723
 20
1380.3038154005337
 10
2035.8039322899422
 20
1373.2170997022915
 10
2026.1123887108402
 20
1364.5153937696743
 10
2015.648979287012
 20
1356.7590413450528
 10
2010.6827775047861
 20
1352.0417104124356
 10
2006.329979042872
 20
1346.7530904173184
 10
2004.265312294825
 20
1340.6638417600918
 10
2002.8515854881841
 20
1334.3914876341153
 10
2002.104362587793
 20
1328.005341088705
 10
2000.674690346582
 20
1280.6106267332364
 10
2001.3293232940011
 20
1266.980967748157
 10
2003.915962319239
 20
1239.751060998373
 10
2007.773918251856
 20
1229.9382481931973
 10
2012.7246323631841
 20
1220.6288228391934
 10
2018.703712563379
 20
1211.944016015463
 10
2025.633339028223
 20
1203.9969334959317
 10
2033.4231797264652
 20
1196.891068017416
 10
2041.9718400047861
 20
1190.7189259886075
 10
2051.1680069969725
 20
1185.56084493392
 10
2060.891975502832
 20
1181.4840398191739
 10
2078.174232582911
 20
1176.6374669431973
 10
2095.7862320946288
 20
1173.175705468588
 10
2113.617195229395
 20
1171.1206136106778
 10
2131.554969887598
 20
1170.485046899252
 10
2180.22127542959
 20
1169.2578587889004
 10
2228.9029923485355
 20
1169.3740544676114
 10
2253.696617226465
 20
1168.894012963705
 10
2278.453163246973
 20
1167.4556813597012
 10
2303.135551552637
 20
1165.0613103269864
 10
2327.7069321678714
 20
1161.714409387045
 10
2352.1305314110355
 20
1157.4200139402676
 10
2376.36988077627
 20
1152.1845326780606
 10
2400.388664345606
 20
1146.015823876791
 10
2428.901924233301
 20
1137.9330907224942
 10
2438.520073037012
 20
1136.652267968588
 10
2448.2172623680667
 20
1136.3127599119473
 10
2457.901405434473
 20
1136.917809045248
 10
2462.709983925684
 20
1137.5730595945645
 10
2472.9700270386547
 20
1140.681480325549
 10
2476.1805954979495
 20
1142.2788701414395
 10
2482.1693650291995
 20
1146.1996922849942
 10
2487.44539652334
 20
1151.037148034506
 10
2491.869911293848
 20
1156.6639409422207
 10
2496.676514887282
 20
1166.25429995406
 10
2497.7242508934573
 20
1169.676598107748
  0
LWPOLYLINE
  5
34
330
17
100
AcDbEntity
  8
0
100
AcDbPolyline
 90
65
 70
0
 10
2373.4139291
 20
42.03759420648042
 10
2381.3525239181154
 20
42.29626882806245
 10
2389.0863267135255
 20
44.1062663866562
 10
2396.315235252344
 20
47.39732015862886
 10
2402.7586594771974
 20
52.04167593255464
 10
2408.166526908838
 20
57.859165556578084
 10
2412.328952903711
 20
64.62392080560151
 10
2415.0844041061036
 20
72.0734523607773
 10
2416.325935478174
 20
79.91860616937103
 10
2417.4499360274904
 20
108.55885732903901
 10
2417.0669404220216
 20
137.2186015917343
 10
2432.550930137598
 20
231.7236064745468
 10
2454.7179452132814
 20
476.8766044451279
 10
2472.024940605127
 20
553.367606289534
 10
2478.4780307355395
 20
576.0281707970978
 10
2488.6181562741126
 20
617.1641333538403
 10
2498.0140153121583
 20
666.3131927324814
 10
2499.0000001144044
 20
678.6234210802597
 10
2498.6767426681154
 20
690.9688400103134
 10
2497.047943229639
 20
703.210604078917
 10
2495.601371879541
 20
708.7018607927841
 10
2493.2274857711427
 20
713.8604568316025
 10
2489.9977723312013
 20
718.5311340166611
 10
2486.0093918990724
 20
722.5733207537216
 10
2481.382392997705
 20
725.8653377367539
 10
2476.256069297754
 20
728.3081077410263
 10
2470.7846871566408
 20
729.8281215502304
 10
2465.1329270553224
 20
730.3796027971787
 10
2188.8986639127443
 20
730.3800834180988
 10
2179.7677237101775
 20
728.5744626771249
 10
2171.020189918581
 20
725.4227813360521
 10
2162.8551575345837
 20
720.9647942617046
 10
2155.4740297930903
 20
715.3104695491
 10
2149.017905390302
 20
708.6057836443005
 10
2146.2200943183534
 20
704.8909591509383
 10
2141.484936828577
 20
696.8856071306747
 10
2124.3385544967286
 20
672.7277587725204
 10
2106.588935012781
 20
649.0096067263167
 10
2076.4422360610597
 20
620.5406974627059
 10
2047.0399323653814
 20
591.3036071135085
 10
2040.6513444137213
 20
578.8683407379668
 10
2035.023826713526
 20
566.0706435514968
 10
2030.1778451156256
 20
552.9570435358565
 10
2026.1310235213873
 20
539.5752190424483
 10
2022.8980675887701
 20
525.9738229586166
 10
2020.4907456588385
 20
512.2023032976668
 10
2018.9177933883307
 20
498.31073034539645
 10
2017.8622735160186
 20
479.38863936973684
 10
2013.1122076208187
 20
400.0120830796511
 10
2011.1291295327735
 20
350.39912726811724
 10
2010.4967168373983
 20
305.7444181779389
 10
2011.0380466235936
 20
266.0484251380785
 10
2012.8672348452103
 20
216.42538433238414
 10
2017.2659341048834
 20
137.02462423577725
 10
2018.8321660726485
 20
119.3352187971373
 10
2020.6952038955328
 20
106.19183767571865
 10
2022.4855351799854
 20
97.52809820712338
 10
2029.3759099197027
 20
72.504055388121
 10
2032.2924367141363
 20
65.54707754388262
 10
2035.9651890945074
 20
58.95795095696868
 10
2040.3485051345465
 20
52.818577177671806
 10
2042.789939994776
 20
49.94160879388274
 10
2046.0953370284674
 20
48.3944057299179
 10
2052.212118263208
 20
44.42567098870696
 10
2054.97193729397
 20
42.0375942064804
  0
CIRCLE
  5
35
330
17
100
AcDbEntity
  8
0
100
AcDbCircle
 10
2353.924926872217
 20
111.76160085931244
 30
0.0
 40
14.50000047683716
  0
CIRCLE
  5
36
330
17
100
AcDbEntity
  8
0
100
AcDbCircle
 10
2101.9529381942384
 20
111.37459982171475
 30
0.0
 40
14.50000047683716
  0
LWPOLYLINE
  5
37
330
17
100
AcDbEntity
  8
0
100
AcDbPolyline
 90
62
 70
0
 10
2586.9342406952155
 20
504.15100936358107
 10
2523.4668658836226
 20
50.98063183675943
 10
2524.5946086272866
 20
45.31368846529979
 10
2527.0942181844403
 20
40.2949163101887
 10
2531.260527523309
 20
35.41615351159654
 10
2535.3500863367353
 20
32.60233054982367
 10
2539.837158718721
 20
30.666544078165504
 10
2545.208895655319
 20
29.16706218137525
 10
2721.5606369818793
 20
6.23570867107689
 10
2754.5267715915634
 20
3.908978405847492
 10
2814.0993402047698
 20
1.000508294048921
 10
2837.211277009466
 20
1.9629359478600428
 10
2868.0449370112556
 20
4.576456472392068
 10
2918.219238397529
 20
8.656857093735544
 10
2968.553660663003
 20
13.152960642054847
 10
2978.78003132817
 20
13.709297955839657
 10
2994.580048907236
 20
12.918273942190083
 10
3001.7648139751072
 20
12.237385094713277
 10
3046.0540587413852
 20
5.764180184735005
 10
3060.3616614247603
 20
2.549784346562513
 10
3070.164735210532
 20
1.0420565959287524
 10
3076.2201923863477
 20
1.0005102602037512
 10
3080.76190521972
 20
2.381120970048724
 10
3085.857272260746
 20
6.016507167583511
 10
3089.6786995414122
 20
11.370980221452184
 10
3090.67311125819
 20
13.933419935471106
 10
3130.4294295909094
 20
287.42313392091245
 10
3130.109369730676
 20
292.8498415151119
 10
3128.418110875396
 20
297.10695648967373
 10
3126.2815748513603
 20
299.99992849696963
 10
3123.54850740114
 20
302.7170985690963
 10
3120.7530403232972
 20
304.5352236919278
 10
3116.515221219575
 20
306.036668096567
 10
3099.1980718418163
 20
309.4276083785376
 10
3090.3520804588657
 20
312.68987085431246
 10
3088.4291521488567
 20
314.7488807254935
 10
3086.1324756450485
 20
319.0389323407875
 10
3085.3101920110103
 20
323.51149374421
 10
3085.407321473142
 20
335.0916070691535
 10
3085.1726382847773
 20
339.40404401854863
 10
3084.211380574495
 20
342.8845412351007
 10
3080.365707931765
 20
349.18122014518354
 10
3076.5731659967983
 20
352.0468075170886
 10
3068.005030777692
 20
356.2038687827435
 10
3056.0072758436895
 20
359.2851672569805
 10
2982.4574636130724
 20
373.36330217420226
 10
2932.7156749130945
 20
379.7421417716519
 10
2907.004678371224
 20
385.38648536202464
 10
2883.6294250388587
 20
391.4027326729868
 10
2853.855201299129
 20
402.3502607421436
 10
2825.0338923918266
 20
416.7139402217354
 10
2793.310738352029
 20
435.19511142682967
 10
2726.830342940296
 20
484.3608361679345
 10
2688.4171832088714
 20
509.26498774281794
 10
2682.9010070796985
 20
511.65119834118997
 10
2666.595938759964
 20
516.0328206758271
 10
2615.154691771447
 20
523.5617017137172
 10
2608.782317864898
 20
523.7238356064895
 10
2601.582057412128
 20
521.7072295626641
 10
2595.9048174482177
 20
518.8049895735534
 10
2592.104466408534
 20
515.1916363313051
 10
2588.642453697564
 20
510.07428142789144
  0
LWPOLYLINE
  5
38
330
17
100
AcDbEntity
  8
0
100
AcDbPolyline
 90
22
 70
0
 10
2630.6481599428143
 20
454.0959545516355
 10
2634.164350951741
 20
454.1698496542524
 10
2637.4918108991524
 20
455.3483323904037
 10
2639.9916014564797
 20
457.1970021952439
 10
2642.1259752031337
 20
460.05731700054014
 10
2643.2048159519436
 20
463.0041903317533
 10
2643.427752856476
 20
466.5827666893036
 10
2642.722686487864
 20
469.63482456493796
 10
2640.9586358265906
 20
472.726288336331
 10
2638.706971689112
 20
474.8554215195575
 10
2635.549766588835
 20
476.41721269307476
 10
2632.509894661721
 20
476.9053048782316
 10
2629.024414852409
 20
476.41035450028704
 10
2626.2215432771472
 20
475.0924437476358
 10
2623.583087450926
 20
472.7084198699515
 10
2621.9622566980797
 20
470.02937817503107
 10
2621.0592427718266
 20
466.56012773922265
 10
2621.1660899270305
 20
463.4231268723769
 10
2622.3027715223056
 20
460.0370843356843
 10
2624.101235631874
 20
457.49875031236917
 10
2626.8954461636363
 20
455.33712541115744
 10
2629.7794287949537
 20
454.2536167698957
  0
LWPOLYLINE
  5
39
330
17
100
AcDbEntity
  8
0
100
AcDbPolyline
 90
22
 70
0
 10
2576.328553551958
 20
73.34077469831273
 10
2579.844744560885
 20
73.41466980092862
 10
2583.172204508296
 20
74.59315253708066
 10
2585.6719950656234
 20
76.44182234192063
 10
2587.8063688122775
 20
79.30213714721704
 10
2588.8852095610873
 20
82.24901047843026
 10
2589.10814646562
 20
85.82758683598071
 10
2588.4030800970077
 20
88.87964471161514
 10
2586.639029435734
 20
91.9711084830076
 10
2584.3873652982556
 20
94.10024166623414
 10
2581.230160197979
 20
95.66203283975138
 10
2578.1902882708646
 20
96.15012502490784
 10
2574.7048084615526
 20
95.65517464696394
 10
2571.901936886291
 20
94.33726389431253
 10
2569.2634810600703
 20
91.9532400166283
 10
2567.6426503072234
 20
89.27419832170797
 10
2566.7396363809703
 20
85.80494788589887
 10
2566.846483536174
 20
82.66794701905344
 10
2567.9831651314494
 20
79.28190448236133
 10
2569.781629241017
 20
76.74357045904533
 10
2572.57583977278
 20
74.58194555783406
 10
2575.4598224040974
 20
73.49843691657209
  0
LWPOLYLINE
  5
3A
330
17
100
AcDbEntity
  8
0
100
AcDbPolyline
 90
65
 70
0
 10
2999.8309126631866
 20
1594.9843184655579
 10
2574.163715328359
 20
1595.621134941706
 10
2568.9973287829334
 20
1593.970732742831
 10
2563.9820126525537
 20
1590.885189572281
 10
2557.7304067277337
 20
1586.216418423223
 10
2555.258632447695
 20
1583.4275437313127
 10
2552.7062742082644
 20
1578.9774700132864
 10
2549.996433633246
 20
1572.9418783436429
 10
2543.4460701348785
 20
1550.0832554522194
 10
2540.758029673334
 20
1538.344588632646
 10
2539.4015440370767
 20
1526.6030965840482
 10
2539.43760800612
 20
1519.1975406171193
 10
2541.090108333542
 20
1506.6750145643143
 10
2547.813698878859
 20
1470.042163948594
 10
2552.3339649555055
 20
1440.1747620458648
 10
2555.0387355103703
 20
1363.9574681207584
 10
2558.457835308985
 20
1246.4501848031057
 10
2565.250945470652
 20
1186.8216877785035
 10
2568.982384262282
 20
1160.393811096396
 10
2576.1548826106255
 20
1116.696174561918
 10
2577.2465585104765
 20
1106.8398495164279
 10
2577.2163106683133
 20
1092.590076185382
 10
2576.0997152481846
 20
1082.3407681011347
 10
2572.4559091397646
 20
1064.6775721290749
 10
2566.1203180832927
 20
1044.3612949899268
 10
2558.687179703829
 20
1025.4507000225267
 10
2553.928929145957
 20
1015.0811958778445
 10
2538.836689343312
 20
986.868032418513
 10
2532.126210064206
 20
972.6755321435725
 10
2528.690393853347
 20
964.6351995090808
 10
2527.1061076246588
 20
958.8388732387791
 10
2525.4235815276525
 20
950.324149347013
 10
2523.4596768241263
 20
840.0315823611445
 10
2524.388078908404
 20
835.2126741977889
 10
2529.1220652946226
 20
826.7699161000104
 10
2531.5574142333408
 20
824.4992425224438
 10
2534.4431999722074
 20
822.6681277340232
 10
2537.9082539565306
 20
821.4650891287598
 10
2898.553568913209
 20
817.3022006152764
 10
2902.151727684604
 20
818.3014528544041
 10
2906.652098421022
 20
820.8091268688157
 10
2913.5995720070305
 20
826.5840005448059
 10
2931.42604358464
 20
844.9219147566762
 10
2947.974961736172
 20
865.2284949555676
 10
2951.225231309147
 20
871.7462461690143
 10
2953.27628745493
 20
879.6258466412451
 10
2953.9397294556525
 20
887.2365308484258
 10
2954.506612047181
 20
1072.6694572898598
 10
2957.1430303962857
 20
1114.1891148813504
 10
2958.7347055163577
 20
1132.379195307459
 10
2967.8611871220505
 20
1177.6382778829352
 10
2976.1659722916806
 20
1214.4588463250113
 10
2995.839133406441
 20
1268.7230632578555
 10
3004.7076197126794
 20
1291.441343902614
 10
3015.5154855046644
 20
1324.490554070776
 10
3021.125920331276
 20
1347.9673902493862
 10
3026.6858779651843
 20
1388.8817113131474
 10
3028.3395351614645
 20
1404.0544746291976
 10
3029.08007200472
 20
1427.7295577020245
 10
3029.0032606816712
 20
1572.3579764099607
 10
3027.07333495209
 20
1577.9805219335142
 10
3019.5102950283176
 20
1587.1492124345782
 10
3014.9871939286713
 20
1590.874240277944
 10
3009.814308211877
 20
1593.4225840380554
 10
3006.487150463047
 20
1594.2452280321793
  0
LWPOLYLINE
  5
3B
330
17
100
AcDbEntity
  8
0
100
AcDbPolyline
 90
22
 70
0
 10
2960.061016676341
 20
1543.8444840629088
 10
2960.614631357023
 20
1540.3713629186373
 10
2962.236689138298
 20
1537.2361213306192
 10
2964.409565818416
 20
1535.012354299019
 10
2967.5346742102975
 20
1533.288797042995
 10
2970.601313329025
 20
1532.6227007233856
 10
2974.176790558589
 20
1532.890790617062
 10
2977.103894958357
 20
1534.0062437506474
 10
2979.9253480906946
 20
1536.1761343486728
 10
2981.726873065866
 20
1538.6975837857537
 10
2982.842653508815
 20
1542.0385671317194
 10
2982.9108348335094
 20
1545.1166195389135
 10
2981.944309425071
 20
1548.5017892558687
 10
2980.255804954713
 20
1551.098312021597
 10
2977.5336489219844
 20
1553.3862992439756
 10
2974.6582784235097
 20
1554.6258964483109
 10
2971.0981838665443
 20
1555.0464430959403
 10
2968.0051991403466
 20
1554.5119936252952
 10
2964.806213096391
 20
1552.9233409257088
 10
2962.537404508701
 20
1550.794932985546
 10
2960.777819910675
 20
1547.7315856739042
 10
2960.0985067991496
 20
1544.7266097189358
  0
LWPOLYLINE
  5
3C
330
17
100
AcDbEntity
  8
0
100
AcDbPolyline
 90
22
 70
0
 10
2584.2615973577203
 20
1545.6514661159022
 10
2584.815212038403
 20
1542.1783449716308
 10
2586.4372698196776
 20
1539.0431033836128
 10
2588.6101464997955
 20
1536.8193363520124
 10
2591.735254891677
 20
1535.0957790959883
 10
2594.8018940104043
 20
1534.4296827763792
 10
2598.377371239968
 20
1534.6977726700554
 10
2601.3044756397367
 20
1535.8132258036408
 10
2604.125928772074
 20
1537.9831164016662
 10
2605.9274537472456
 20
1540.504565838747
 10
2607.043234190194
 20
1543.8455491847128
 10
2607.111415514889
 20
1546.923601591907
 10
2606.1448901064505
 20
1550.308771308862
 10
2604.456385636092
 20
1552.9052940745903
 10
2601.734229603364
 20
1555.1932812969692
 10
2598.8588591048892
 20
1556.4328785013045
 10
2595.2987645479243
 20
1556.8534251489339
 10
2592.2057798217265
 20
1556.3189756782888
 10
2589.0067937777703
 20
1554.7303229787021
 10
2586.7379851900805
 20
1552.6019150385393
 10
2584.9784005920546
 20
1549.538567726898
 10
2584.299087480529
 20
1546.5335917719292
  0
LWPOLYLINE
  5
3D
330
17
100
AcDbEntity
  8
0
100
AcDbPolyline
 90
60
 70
0
 10
2693.129476820087
 20
1596.4532413635816
 10
3091.0333131478715
 20
1595.8448770838054
 10
3103.7183408171672
 20
1597.3438519568067
 10
3114.478551422758
 20
1599.7901019309004
 10
3122.5120758857565
 20
1603.656985549878
 10
3128.468818380757
 20
1609.1839569708145
 10
3135.476832955494
 20
1618.4338394137067
 10
3138.5043555388575
 20
1623.903588134361
 10
3140.503141217324
 20
1628.6199421170627
 10
3141.603678930579
 20
1633.7783565653833
 10
3142.0000000253494
 20
1805.0390986947828
 10
3141.3137641468766
 20
1809.2692191976314
 10
3140.1636226745
 20
1812.593936537092
 10
3137.7819887408123
 20
1816.7514593783849
 10
3134.7059246217436
 20
1820.3815600399114
 10
3131.9360105349597
 20
1822.8028675572398
 10
3128.625262186528
 20
1824.394420948537
 10
3123.6957830431697
 20
1825.6866962658178
 10
3096.220228507526
 20
1825.8168782853352
 10
3088.7303172207853
 20
1826.8786221991973
 10
3085.565981519124
 20
1827.9329158185976
 10
3076.299629917678
 20
1833.236796090651
 10
3070.5542110305487
 20
1837.3983638881061
 10
3063.8778233187463
 20
1844.751768394832
 10
3060.189428575193
 20
1852.231132799761
 10
3058.774477889128
 20
1859.225860210226
 10
3058.88441681371
 20
1976.3127561200981
 10
3058.0740807045336
 20
1979.5721251309974
 10
3053.6525716010556
 20
1989.4573308828105
 10
3050.0540765411733
 20
1993.9945323080035
 10
3046.729399225438
 20
1996.44700120543
 10
3043.1254425722805
 20
1997.8125100031345
 10
3037.6717882986654
 20
1998.9999644995444
 10
2747.082534601175
 20
1998.999999546363
 10
2740.8079505691367
 20
1996.9117031919768
 10
2735.5115280142677
 20
1993.3801686885263
 10
2731.8660665965044
 20
1989.4664354314875
 10
2729.2504665697747
 20
1984.15995566737
 10
2728.4721787708595
 20
1981.7839988006078
 10
2728.052915434854
 20
1978.0923218978594
 10
2724.603100170441
 20
1874.3478090959345
 10
2721.1497426295327
 20
1855.7766391187222
 10
2719.2933347578514
 20
1851.7019323420532
 10
2714.9335479903025
 20
1843.7348745559102
 10
2711.504851399282
 20
1839.4816356737888
 10
2687.2466617807904
 20
1815.6076270846
 10
2659.4654696217503
 20
1787.2109811816686
 10
2645.3083296967848
 20
1771.068741204415
 10
2642.1523582739383
 20
1764.0964297715989
 10
2641.03726489728
 20
1760.92664835416
 10
2640.7512727612375
 20
1755.943035783451
 10
2639.239391610786
 20
1636.0962038504827
 10
2639.814215049856
 20
1633.2545966986152
 10
2641.233606724858
 20
1628.8382684934168
 10
2643.5630392455278
 20
1624.7528304610203
 10
2651.109892334918
 20
1615.1862907480565
 10
2658.544446422361
 20
1607.8752820943573
 10
2662.953637567362
 20
1604.6337528515103
 10
2670.6610978388685
 20
1600.425103963559
 10
2684.1227071578965
 20
1597.1242812913285
  0
LWPOLYLINE
  5
3E
330
17
100
AcDbEntity
  8
0
100
AcDbPolyline
 90
22
 70
0
 10
3092.0705102167612
 20
1647.7126585201333
 10
3091.5155052704413
 20
1651.1855577710492
 10
3089.8921925642276
 20
1654.3201497889804
 10
3087.7184258717134
 20
1656.5430468276097
 10
3084.592627780526
 20
1658.2653529470126
 10
3081.5257222653886
 20
1658.9302216203068
 10
3077.9503526401977
 20
1658.6607004643975
 10
3075.023694997141
 20
1657.5440756837743
 10
3072.203110710316
 20
1655.373055815994
 10
3070.4025952299266
 20
1652.8508854203228
 10
3069.2881522908647
 20
1649.5094556888362
 10
3069.2212031333825
 20
1646.4313762348938
 10
3070.189083566923
 20
1643.0465936947417
 10
3071.878627304711
 20
1640.4507470549215
 10
3074.6016990135317
 20
1638.1638497102838
 10
3077.4775654993805
 20
1636.9254036323057
 10
3081.0378281183
 20
1636.506282144314
 10
3084.1305986535413
 20
1637.041969711379
 10
3087.3289484945462
 20
1638.6319028558455
 10
3089.5969048867437
 20
1640.7612188423573
 10
3091.355263068571
 20
1643.825270280201
 10
3092.0333732168347
 20
1646.8305179272763
  0
LWPOLYLINE
  5
3F
330
17
100
AcDbEntity
  8
0
100
AcDbPolyline
 90
22
 70
0
 10
2700.073807533538
 20
1647.9711120424925
 10
2699.518802587218
 20
1651.4440112934083
 10
2697.895489881005
 20
1654.5786033113395
 10
2695.7217231884906
 20
1656.8015003499688
 10
2692.5959250973033
 20
1658.5238064693717
 10
2689.5290195821663
 20
1659.188675142666
 10
2685.9536499569754
 20
1658.9191539867566
 10
2683.0269923139176
 20
1657.8025292061334
 10
2680.206408027094
 20
1655.631509338353
 10
2678.405892546704
 20
1653.109338942682
 10
2677.2914496076423
 20
1649.7679092111953
 10
2677.22450045016
 20
1646.689829757253
 10
2678.1923808837
 20
1643.3050472171008
 10
2679.881924621488
 20
1640.7092005772806
 10
2682.6049963303085
 20
1638.422303232643
 10
2685.480862816158
 20
1637.1838571546648
 10
2689.041125435077
 20
1636.764735666673
 10
2692.1338959703185
 20
1637.3004232337378
 10
2695.332245811323
 20
1638.8903563782046
 10
2697.6002022035204
 20
1641.0196723647164
 10
2699.3585603853476
 20
1644.0837238025601
 10
2700.0366705336114
 20
1647.0889714496354
  0
LWPOLYLINE
  5
40
330
17
100
AcDbEntity
  8
0
100
AcDbPolyline
 90
56
 70
0
 10
3142.000000820087
 20
422.30661483420045
 10
3142.000001131652
 20
839.653188527756
 10
3140.5817607873337
 20
845.4880245588846
 10
3138.0348628570073
 20
852.1779705719872
 10
3134.5775628566385
 20
859.0168850576136
 10
3130.864771486572
 20
864.2579518031622
 10
3126.7147769021026
 20
868.9789153787675
 10
3118.6416999236194
 20
875.8200601684171
 10
3108.322801111218
 20
880.6398273354916
 10
3103.666488380949
 20
882.1826326282593
 10
2977.9851905834744
 20
881.995097797963
 10
2974.5236710926492
 20
881.0331026267731
 10
2968.481203616416
 20
877.8245017374021
 10
2961.4938904053947
 20
872.1118585120743
 10
2952.7432941583875
 20
862.9322387215827
 10
2896.3093676350577
 20
808.5247783655186
 10
2891.55078190906
 20
805.5982687269302
 10
2879.9949364063223
 20
800.5165488884088
 10
2871.3854959842884
 20
798.9784439862372
 10
2764.870645619689
 20
795.6017898142184
 10
2756.8768400622525
 20
794.5351140956091
 10
2750.8953726802497
 20
792.9837486195988
 10
2747.1971745273104
 20
790.4329053757801
 10
2743.7162288600525
 20
787.2162055640389
 10
2741.733592578879
 20
784.1685017967712
 10
2740.3729280980274
 20
780.3160946680231
 10
2739.1628596008627
 20
775.2307090600286
 10
2739.158838924587
 20
486.51004872884545
 10
2742.402722695008
 20
477.1078489663565
 10
2745.4219138441563
 20
472.9456583461519
 10
2749.196434262953
 20
469.2455468542781
 10
2752.669461127417
 20
467.16375648784754
 10
2758.030650465254
 20
465.77481660181184
 10
2764.3737456362796
 20
464.92493314345836
 10
2869.6030224381557
 20
464.72786081052027
 10
2884.5477589644065
 20
461.81532979691355
 10
2892.9199803751912
 20
458.81635579024606
 10
2898.0298048194472
 20
455.59661205219436
 10
2904.3345154391736
 20
448.71465910200186
 10
2911.5063868522666
 20
433.9540111145392
 10
2912.7005640721472
 20
428.2944633839196
 10
2913.4726852564836
 20
393.73479892092666
 10
2914.9190629623167
 20
390.84462013486797
 10
2917.9387046193397
 20
387.9538826280501
 10
2921.461926010309
 20
385.4482558696296
 10
2929.9562266865814
 20
381.7207866048752
 10
2937.19268980109
 20
380.17706709981496
 10
2943.1709070491193
 20
379.66122996096465
 10
3109.048568766165
 20
381.3823161753659
 10
3112.785927761353
 20
381.92584134440636
 10
3116.310583835392
 20
383.46574918749263
 10
3121.78681280623
 20
387.0598386151193
 10
3128.396815704152
 20
393.5431938897698
 10
3133.8111379988263
 20
400.026972824185
 10
3138.407796592305
 20
407.73112260514057
 10
3141.3680103937236
 20
414.72948872417845
  0
LWPOLYLINE
  5
41
330
17
100
AcDbEntity
  8
0
100
AcDbPolyline
 90
22
 70
0
 10
3091.4906417302773
 20
845.396139133544
 10
3088.0185050064956
 20
844.8363835897388
 10
3084.8861367027853
 20
843.2087841086187
 10
3082.6662155765
 20
841.031978405093
 10
3080.9481873322175
 20
837.9038270296559
 10
3080.2875149762294
 20
834.8360148076414
 10
3080.561927181874
 20
831.2610172479762
 10
3081.6825547459152
 20
828.3358899476553
 10
3083.8574312962483
 20
825.5182783746762
 10
3086.3820625357366
 20
823.721215046765
 10
3089.7250137594833
 20
822.6113444099166
 10
3092.80318192312
 20
822.5486062967772
 10
3096.1866371822616
 20
823.5211163929399
 10
3098.780170004324
 20
825.2142098104001
 10
3101.0633398973064
 20
827.9404075721313
 10
3102.2978504731127
 20
830.8179656290116
 10
3102.7121009341595
 20
834.3787982974878
 10
3102.172182788486
 20
837.47083308855
 10
3100.577875613674
 20
840.6670048207433
 10
3098.445458930885
 20
842.9320460694373
 10
3095.3790048298088
 20
844.6862108152189
 10
3092.3728323030928
 20
845.3602089851338
  0
LWPOLYLINE
  5
42
330
17
100
AcDbEntity
  8
0
100
AcDbPolyline
 90
22
 70
0
 10
3090.858130611776
 20
453.0131507808339
 10
3087.3859938879946
 20
452.4533952370289
 10
3084.2536255842842
 20
450.82579575590864
 10
3082.0337044579983
 20
448.64899005238294
 10
3080.315676213716
 20
445.52083867694574
 10
3079.6550038577284
 20
442.4530264549312
 10
3079.929416063373
 20
438.8780288952659
 10
3081.0500436274137
 20
435.9529015949452
 10
3083.224920177747
 20
433.13529002196617
 10
3085.7495514172356
 20
431.3382266940548
 10
3089.092502640982
 20
430.22835605720644
 10
3092.170670804619
 20
430.165617944067
 10
3095.55412606376
 20
431.13812804022984
 10
3098.147658885823
 20
432.8312214576899
 10
3100.430828778805
 20
435.55741921942115
 10
3101.665339354611
 20
438.43497727630154
 10
3102.0795898156584
 20
441.9958099447776
 10
3101.539671669985
 20
445.08784473583984
 10
3099.9453644951727
 20
448.2840164680331
 10
3097.8129478123838
 20
450.5490577167273
 10
3094.7464937113073
 20
452.30322246250887
 10
3091.7403211845913
 20
452.9772206324237
  0
LWPOLYLINE
  5
43
330
17
100
AcDbEntity
  8
0
100
AcDbPolyline
 90
69
 70
0
 10
3213.8913861
 20
598.6215523655493
 10
3214.2296339820005
 20
161.14078835154947
 10
3215.1005059560002
 20
156.81868459914955
 10
3216.5519576892
 20
153.01265420874944
 10
3218.5194827844
 20
149.59367738034945
 10
3222.3577681248003
 20
145.62637457514944
 10
3231.6470629536007
 20
140.43340001634948
 10
3238.6328721336004
 20
138.32638058154936
 10
3245.32116399
 20
137.32313779554948
 10
3461.3236179888
 20
135.75233165514945
 10
3481.7897941752
 20
137.11674347874944
 10
3505.541680174728
 20
142.10232487197453
 10
3517.3017721720717
 20
145.47128932979166
 10
3548.2714412478863
 20
155.07533304303996
 10
3564.0928788370793
 20
159.31606968494435
 10
3596.7620702522154
 20
167.5770970038937
 10
3684.5510348667826
 20
192.16883250475632
 10
3752.4387912393386
 20
209.19941963394038
 10
3771.3447174468
 20
213.78571462674952
 10
3775.6363713588
 20
215.68073059434963
 10
3778.5346324476
 20
217.63148194794954
 10
3780.4296484152
 20
219.97238450634953
 10
3783.2164363968
 20
225.32301892554952
 10
3784.6098315552
 20
231.23101070754947
 10
3784.9999815924
 20
235.41119384754953
 10
3784.5340076111997
 20
478.50553486434944
 10
3783.5276671824004
 20
482.1438418499496
 10
3779.6571268919997
 20
489.3817510487495
 10
3775.9801139664
 20
492.94264848954947
 10
3773.3481474095997
 20
494.2586317679494
 10
3765.8780060736
 20
495.8455531235495
 10
3758.8813078559997
 20
496.25025612714956
 10
3752.194146743387
 20
495.3920822566173
 10
3731.1329028568443
 20
490.8487332279207
 10
3705.6334014156
 20
486.13702334154965
 10
3682.211976096645
 20
483.5347051254169
 10
3667.6417582296
 20
482.89132769394956
 10
3661.4617751952
 20
483.69392309034953
 10
3657.6093186936
 20
485.21885422674956
 10
3654.9607547028
 20
486.98456316474955
 10
3653.0345264519997
 20
489.6331271555495
 10
3652.1516713992
 20
492.04091217714955
 10
3651.4899224232
 20
542.8790078099495
 10
3649.7804345928
 20
547.9429649039495
 10
3645.6841131551996
 20
553.5552468071495
 10
3641.4910280352
 20
557.6193144623495
 10
3639.200959278
 20
559.1352760955496
 10
3634.6853293284
 20
560.4899641463494
 10
3529.1515593
 20
560.3765750075494
 10
3480.8879819688
 20
557.3254295423493
 10
3445.6523608679095
 20
557.6236572565932
 10
3430.9601437931997
 20
558.0188706851494
 10
3414.8722854611997
 20
559.9605089207494
 10
3386.6228619875997
 20
564.9950284835494
 10
3347.6167390332
 20
575.3485054775493
 10
3328.9965314412
 20
582.3310827407494
 10
3307.5261480312
 20
593.3529616955494
 10
3287.220411552503
 20
606.1935490471424
 10
3270.4462533276005
 20
615.8898332807493
 10
3258.8888826552
 20
620.6090926703492
 10
3249.16142958
 20
623.0168776919495
 10
3235.9667661204003
 20
624.5578609931493
 10
3232.1143096188007
 20
624.5578609931493
 10
3229.5139009548
 20
623.8836805799494
 10
3227.1061159332003
 20
622.4390090999494
 10
3222.9647251356005
 20
618.9717987155494
 10
3219.4975135836003
 20
614.3488499795494
 10
3216.222925674
 20
608.4738545735494
 10
3214.2815373048006
 20
601.4640769007494
  0
LWPOLYLINE
  5
44
330
17
100
AcDbEntity
  8
0
100
AcDbPolyline
 90
22
 70
0
 10
3260.8509562260006
 20
559.1262015083494
 10
3264.458897985898
 20
559.6973942637
 10
3267.71391426099
 20
561.3561098771469
 10
3270.0202871471183
 20
563.5736938207372
 10
3271.8052599947046
 20
566.7609431129963
 10
3272.490921171431
 20
569.8861178562978
 10
3272.204329890821
 20
573.5279025820857
 10
3271.0381821509777
 20
576.5073239511524
 10
3268.776623043029
 20
579.3761355849927
 10
3266.1517288117775
 20
581.2055569325687
 10
3262.6774847887714
 20
582.3344317111613
 10
3259.478592955574
 20
582.3972268702771
 10
3255.9626954009436
 20
581.4056653832827
 10
3253.2680269273196
 20
579.6806685689339
 10
3250.895546996673
 20
576.902887300973
 10
3249.6133689327125
 20
573.971527265045
 10
3249.1839765709237
 20
570.3438072762696
 10
3249.7464605924797
 20
567.1941311248709
 10
3251.4048860905395
 20
563.9392370176911
 10
3253.6224542343416
 20
561.6328448378486
 10
3256.8097610221444
 20
559.8477443077134
 10
3259.934264773251
 20
559.1624589495428
  0
LWPOLYLINE
  5
45
330
17
100
AcDbEntity
  8
0
100
AcDbPolyline
 90
22
 70
0
 10
3260.9433635928003
 20
169.87166913954965
 10
3264.551305352698
 20
170.4428618949
 10
3267.8063216277897
 20
172.10157750834705
 10
3270.112694513918
 20
174.31916145193722
 10
3271.8976673615043
 20
177.5064107441966
 10
3272.5833285382314
 20
180.6315854874982
 10
3272.2967372576213
 20
184.2733702132858
 10
3271.1305895177775
 20
187.25279158235261
 10
3268.8690304098286
 20
190.12160321619282
 10
3266.2441361785777
 20
191.9510245637691
 10
3262.769892155571
 20
193.07989934236159
 10
3259.571000322374
 20
193.14269450147728
 10
3256.0551027677434
 20
192.15113301448292
 10
3253.36043429412
 20
190.42613620013407
 10
3250.987954363473
 20
187.64835493217328
 10
3249.7057762995123
 20
184.71699489624524
 10
3249.276383937724
 20
181.08927490746981
 10
3249.83886795928
 20
177.93959875607112
 10
3251.4972934573393
 20
174.6847046488911
 10
3253.714861601141
 20
172.3783124690487
 10
3256.902168388944
 20
170.5932119389135
 10
3260.0266721400512
 20
169.90792658074312
  0
LWPOLYLINE
  5
46
330
17
100
AcDbEntity
  8
0
100
AcDbPolyline
 90
76
 70
0
 10
3762.9535891000005
 20
912.6366411678375
 10
3302.645747688401
 20
912.4107374226375
 10
3295.601364686801
 20
911.0173422642374
 10
3286.505596055201
 20
908.4627864198375
 10
3279.5773297060014
 20
905.4824710734374
 10
3274.197279940001
 20
901.8828688602374
 10
3267.1095474532012
 20
894.9716331246374
 10
3263.098316766427
 20
890.2262556200191
 10
3257.9131445452012
 20
881.9851971138374
 10
3253.3985467540015
 20
871.4511367686374
 10
3251.392058846801
 20
863.7038644050374
 10
3250.834701484001
 20
858.8548519626374
 10
3249.5370763804012
 20
764.5716937290374
 10
3250.2337739596014
 20
760.2521715402374
 10
3251.627167950401
 20
756.6293457630375
 10
3257.711656483601
 20
747.2471578458374
 10
3261.102250123601
 20
743.0205275778374
 10
3283.0823047411754
 20
722.2047756099889
 10
3290.418895025201
 20
715.3395419910374
 10
3295.946026195601
 20
706.9327297506375
 10
3300.6511883991207
 20
695.2753683941221
 10
3302.309192826401
 20
690.3048902790373
 10
3303.5168018080008
 20
682.9663468038375
 10
3304.602534366401
 20
666.3953577762375
 10
3307.112874366401
 20
659.8281974142374
 10
3313.197362899601
 20
652.1645287134374
 10
3316.959526558001
 20
650.2137761922374
 10
3318.492260765201
 20
649.9815440550374
 10
3359.9691012136004
 20
649.4021704266374
 10
3363.9202771276005
 20
647.9238393738374
 10
3369.4035415660005
 20
643.7307542538374
 10
3371.8688612452006
 20
640.8256989006375
 10
3373.2622552360003
 20
638.4259644810375
 10
3375.0039980164006
 20
632.2331016510375
 10
3375.1588194412006
 20
626.5047019278375
 10
3374.8491765916006
 20
624.2984948730375
 10
3369.2925051412003
 20
596.9045473998374
 10
3369.1319869960003
 20
586.7918493750374
 10
3369.6938034232003
 20
580.5316066842373
 10
3371.9655934024004
 20
575.1742842522374
 10
3373.7491385980006
 20
573.0563244054374
 10
3379.6013938264005
 20
568.7646704934375
 10
3386.2339514644004
 20
566.2565606094373
 10
3391.1944346788005
 20
565.1975812698373
 10
3668.2827269512004
 20
565.1739548838376
 10
3672.2693827264
 20
565.9867679478376
 10
3678.7718895736007
 20
569.1606106590376
 10
3682.2553751344003
 20
571.3668188814377
 10
3684.2680559920004
 20
573.1859723742376
 10
3686.3581475620003
 20
575.8953496434375
 10
3687.7091214772004
 20
579.4049695950374
 10
3688.3593719284004
 20
583.3529205978376
 10
3688.4522650168005
 20
591.4346076126375
 10
3687.9413536144
 20
596.4972733410376
 10
3684.6956731456003
 20
614.7061506318374
 10
3684.2627924512003
 20
620.3893420506374
 10
3684.7737038536006
 20
629.0283864282376
 10
3686.8637954236005
 20
635.3915542266376
 10
3690.3937269448006
 20
640.7793463482375
 10
3693.2734091824004
 20
643.4267952810375
 10
3700.8906319228004
 20
648.3036748326375
 10
3705.4888322092006
 20
650.1150883050376
 10
3711.3875357332004
 20
651.2298030306375
 10
3770.4158071024003
 20
651.2956463298375
 10
3772.8310238980007
 20
651.9923427414375
 10
3774.6888833308003
 20
653.1535045950376
 10
3777.2434391752004
 20
655.3829363814374
 10
3782.1203187268
 20
662.4892465518375
 10
3784.4890895620006
 20
668.1092708106376
 10
3785.0000009644004
 20
671.3140782738375
 10
3784.6286119240003
 20
899.6703322458376
 10
3783.9319155124003
 20
901.4120761938375
 10
3782.4224048692004
 20
903.5795784762375
 10
3779.0163300208005
 20
906.8308318998376
 10
3773.4427528900005
 20
910.0820853234376
 10
3766.8241293904002
 20
912.1721768934375
  0
LWPOLYLINE
  5
47
330
17
100
AcDbEntity
  8
0
100
AcDbPolyline
 90
22
 70
0
 10
3296.8012920280007
 20
853.5713148450375
 10
3297.3724847833514
 20
849.9633730851398
 10
3299.0312003967983
 20
846.7083568100479
 10
3301.2487843403887
 20
844.4019839239197
 10
3304.4360336326476
 20
842.617011076333
 10
3307.5612083759493
 20
841.9313498996067
 10
3311.2029931017373
 20
842.2179411802168
 10
3314.182414470804
 20
843.3840889200599
 10
3317.0512261046442
 20
845.6456480280092
 10
3318.8806474522207
 20
848.2705422592603
 10
3320.0095222308128
 20
851.7447862822665
 10
3320.0723173899287
 20
854.9436781154637
 10
3319.0807559029345
 20
858.4595756700943
 10
3317.3557590885857
 20
861.1542441437181
 10
3314.5779778206247
 20
863.5267240743648
 10
3311.646617784697
 20
864.8089021383255
 10
3308.0188977959215
 20
865.2382945001139
 10
3304.8692216445224
 20
864.6758104785578
 10
3301.6143275373424
 20
863.0173849804985
 10
3299.3079353575004
 20
860.7998168366964
 10
3297.522834827365
 20
857.6125100488935
 10
3296.8375494691945
 20
854.4880062977868
  0
LWPOLYLINE
  5
48
330
17
100
AcDbEntity
  8
0
100
AcDbPolyline
 90
22
 70
0
 10
3714.2087142052005
 20
854.3288315406376
 10
3714.779906960551
 20
850.72088978074
 10
3716.438622573998
 20
847.4658735056481
 10
3718.656206517588
 20
845.1595006195199
 10
3721.843455809847
 20
843.3745277719332
 10
3724.968630553149
 20
842.6888665952068
 10
3728.6104152789367
 20
842.9754578758169
 10
3731.5898366480037
 20
844.1416056156601
 10
3734.458648281844
 20
846.4031647236093
 10
3736.28806962942
 20
849.0280589548604
 10
3737.4169444080126
 20
852.5023029778667
 10
3737.4797395671285
 20
855.7011948110638
 10
3736.488178080134
 20
859.2170923656944
 10
3734.763181265785
 20
861.9117608393182
 10
3731.985399997824
 20
864.284240769965
 10
3729.0540399618963
 20
865.5664188339257
 10
3725.426319973121
 20
865.9958111957139
 10
3722.276643821722
 20
865.433327174158
 10
3719.0217497145422
 20
863.7749016760987
 10
3716.7153575346997
 20
861.5573335322965
 10
3714.9302570045643
 20
858.3700267444935
 10
3714.244971646394
 20
855.2455229933869
  0
LWPOLYLINE
  5
49
330
17
100
AcDbEntity
  8
0
100
AcDbPolyline
 90
72
 70
0
 10
3731.8086911
 20
1260.7910573127624
 10
3267.6303093980005
 20
1260.5524956159625
 10
3264.5338773992
 20
1259.8170932643625
 10
3258.6119514788
 20
1257.2238314799624
 10
3255.4381099352004
 20
1255.2111506223623
 10
3252.0320339192003
 20
1251.9598971987623
 10
3249.8258268644004
 20
1248.0506521359623
 10
3249.5548887872
 20
1246.6185522051624
 10
3249.4544378240003
 20
1019.6943969963622
 10
3250.6620468056003
 20
1014.2601600819622
 10
3252.3341200616005
 20
1010.8695664419622
 10
3257.2109996132003
 20
1003.7632551039621
 10
3261.6234148904005
 20
1000.3726626315622
 10
3264.0386328536006
 20
999.675965052362
 10
3323.0669042228
 20
999.6101229207623
 10
3328.9656065792005
 20
998.4954070275621
 10
3333.5638080332
 20
996.6839947227622
 10
3341.181029606
 20
991.8071151711622
 10
3344.0607118436
 20
989.1596650707622
 10
3347.5906445324
 20
983.7718741167622
 10
3348.751806386
 20
981.0779780559621
 10
3349.6807349348
 20
977.4087063183621
 10
3350.1916463372
 20
968.7696619407623
 10
3349.7587656428
 20
963.0864705219622
 10
3346.0021749392
 20
939.8149275027621
 10
3346.09506686
 20
931.7332404879622
 10
3346.7453184788
 20
927.7852894851621
 10
3348.0962912264
 20
924.2756695335621
 10
3352.199063654
 20
919.7471387715623
 10
3358.6628645612
 20
915.7991877687623
 10
3362.185056062
 20
914.3670878379622
 10
3366.1717118372
 20
913.5542747739623
 10
3643.2600041096002
 20
913.5778999923624
 10
3651.7318411616
 20
915.8073317787623
 10
3654.8530449620002
 20
917.1449903835623
 10
3657.8627768228
 20
919.0400063511622
 10
3662.4888453860003
 20
923.5546041423622
 10
3664.7606353652
 20
928.9119265743624
 10
3665.32245296
 20
935.1721680975623
 10
3664.60011722
 20
949.8596595315622
 10
3659.2956193472
 20
974.8850218179622
 10
3659.450440772
 20
980.6134203735622
 10
3661.1921835524
 20
986.8062843711623
 10
3664.0950893540003
 20
991.0638782235623
 10
3667.980681176
 20
994.5839190051623
 10
3672.8457341072
 20
997.3255512243624
 10
3676.5228766364
 20
998.0905428951622
 10
3717.4949122304
 20
998.5940960823624
 10
3721.2570770564
 20
1000.5448486035623
 10
3723.1149353216
 20
1002.3562609083623
 10
3727.3415655896
 20
1008.2085173043623
 10
3729.851904422
 20
1014.7756776663623
 10
3730.9376369804
 20
1031.3466666939623
 10
3733.0368134490677
 20
1041.4009177607525
 10
3736.3718750624002
 20
1050.3432758331624
 10
3740.087593928
 20
1058.4714099759624
 10
3746.1720824612003
 20
1065.9957384603624
 10
3766.4316646712
 20
1084.6661084835625
 10
3773.3521898324
 20
1091.4008474679624
 10
3776.7427823048
 20
1095.6274765683625
 10
3782.827270838
 20
1105.0096656531625
 10
3784.2206648288
 20
1108.6324914303625
 10
3784.917362408
 20
1112.9520136191625
 10
3785.0000004656
 20
1120.7102100483623
 10
3783.0623799416
 20
1212.0841831275625
 10
3781.0558920344
 20
1219.8314566587624
 10
3776.5412942432
 20
1230.3655170039624
 10
3770.243152424
 20
1240.2307492143625
 10
3760.2571588484
 20
1250.2631887503624
 10
3754.8771090824002
 20
1253.8627909635625
 10
3747.9488427332
 20
1256.8431063099624
 10
3738.8530741016
 20
1259.3976621543625
  0
LWPOLYLINE
  5
4A
330
17
100
AcDbEntity
  8
0
100
AcDbPolyline
 90
22
 70
0
 10
3296.2108315388004
 20
1204.6298335815625
 10
3296.7820242941507
 20
1201.021891821665
 10
3298.440739907598
 20
1197.766875546573
 10
3300.658323851188
 20
1195.4605026604447
 10
3303.845573143447
 20
1193.675529812858
 10
3306.9707478867485
 20
1192.9898686361316
 10
3310.6125326125366
 20
1193.2764599167417
 10
3313.591953981603
 20
1194.4426076565849
 10
3316.460765615444
 20
1196.7041667645342
 10
3318.2901869630196
 20
1199.3290609957853
 10
3319.4190617416125
 20
1202.8033050187914
 10
3319.4818569007275
 20
1206.0021968519886
 10
3318.4902954137337
 20
1209.5180944066192
 10
3316.7652985993846
 20
1212.212762880243
 10
3313.987517331424
 20
1214.58524281089
 10
3311.0561572954957
 20
1215.8674208748505
 10
3307.4284373067203
 20
1216.2968132366389
 10
3304.278761155322
 20
1215.7343292150829
 10
3301.023867048142
 20
1214.0759037170235
 10
3298.717474868299
 20
1211.8583355732214
 10
3296.932374338164
 20
1208.6710287854185
 10
3296.2470889799943
 20
1205.5465250343118
  0
LWPOLYLINE
  5
4B
330
17
100
AcDbEntity
  8
0
100
AcDbPolyline
 90
22
 70
0
 10
3713.6586281564
 20
1203.9941477727623
 10
3714.2298209117507
 20
1200.386206012865
 10
3715.8885365251977
 20
1197.131189737773
 10
3718.1061204687876
 20
1194.8248168516448
 10
3721.293369761047
 20
1193.039844004058
 10
3724.4185445043486
 20
1192.3541828273317
 10
3728.0603292301366
 20
1192.6407741079418
 10
3731.039750599203
 20
1193.806921847785
 10
3733.9085622330435
 20
1196.0684809557342
 10
3735.7379835806196
 20
1198.6933751869853
 10
3736.866858359212
 20
1202.1676192099915
 10
3736.9296535183275
 20
1205.3665110431887
 10
3735.9380920313333
 20
1208.8824085978192
 10
3734.2130952169846
 20
1211.577077071443
 10
3731.435313949024
 20
1213.94955700209
 10
3728.5039539130958
 20
1215.2317350660505
 10
3724.8762339243203
 20
1215.661127427839
 10
3721.7265577729218
 20
1215.0986434062827
 10
3718.4716636657417
 20
1213.4402179082235
 10
3716.165271485899
 20
1211.2226497644215
 10
3714.3801709557642
 20
1208.0353429766185
 10
3713.694885597594
 20
1204.9108392255118
  0
LWPOLYLINE
  5
4C
330
17
100
AcDbEntity
  8
0
100
AcDbPolyline
 90
62
 70
0
 10
3758.0681341
 20
1998.7963541000004
 10
3310.7279093224006
 20
1998.9999741992003
 10
3300.5999974696006
 20
1996.5808868096003
 10
3296.406912349601
 20
1994.0005270052002
 10
3293.7942975952005
 20
1991.3234035184003
 10
3290.4839542708005
 20
1984.4888043764004
 10
3290.0380676800005
 20
1981.4233371296002
 10
3298.2194049953896
 20
1789.647013306347
 10
3300.8963521486285
 20
1766.3565354230248
 10
3302.9748738057265
 20
1750.224929276453
 10
3307.641701537358
 20
1718.8516580980645
 10
3310.352595978401
 20
1691.6576585552002
 10
3312.320472211033
 20
1662.242393502075
 10
3312.9303399455252
 20
1643.485160266222
 10
3314.125091414574
 20
1593.5546480761275
 10
3314.929314760001
 20
1575.7141227044003
 10
3314.6211173992006
 20
1565.5166697632003
 10
3312.969075277282
 20
1549.7731262015648
 10
3297.9583306795175
 20
1456.3602376683127
 10
3290.29535237262
 20
1414.0846899663404
 10
3274.971946993989
 20
1321.1940813873616
 10
3270.470423911601
 20
1295.6174086184008
 10
3270.483176438801
 20
1287.3908084324007
 10
3271.0962691876007
 20
1282.0959105668007
 10
3273.1584924808003
 20
1275.4076175427997
 10
3277.1157329092007
 20
1270.5586051003997
 10
3286.7990495368003
 20
1265.7090765788007
 10
3288.831083364401
 20
1265.6445678463997
 10
3581.5452695260005
 20
1261.7138552899996
 10
3586.5382657300006
 20
1262.2170255044007
 10
3597.3370712020005
 20
1265.1586360783997
 10
3601.6720757668004
 20
1267.6357812103997
 10
3607.2069481252006
 20
1271.8159643504007
 10
3619.7464217824245
 20
1285.3603257738237
 10
3689.0163515969307
 20
1366.972767558644
 10
3710.1102531802103
 20
1391.6726929741076
 10
3721.4775863944005
 20
1404.5303963600004
 10
3727.6575682612
 20
1415.1246523232003
 10
3730.4666515648005
 20
1423.3913817536004
 10
3730.9482083356006
 20
1427.7253961936003
 10
3731.3635144841214
 20
1515.6795704362269
 10
3732.759916228492
 20
1570.6069585404632
 10
3734.2215025444
 20
1596.9260718656003
 10
3735.0258948772007
 20
1606.3892456864003
 10
3736.7595006532006
 20
1617.5613702416003
 10
3739.8414660880003
 20
1630.3707887516002
 10
3744.0686990822883
 20
1643.708706457179
 10
3754.226299893065
 20
1667.8089389760191
 10
3772.0094789272002
 20
1707.9977908784003
 10
3775.5730011328005
 20
1718.6883574952003
 10
3780.8701291144007
 20
1739.1063783548002
 10
3783.313637785613
 20
1754.8033535623629
 10
3784.461140406278
 20
1769.4875325759378
 10
3785.0000001890844
 20
1782.327166119462
 10
3783.9411273396536
 20
1888.3701682076319
 10
3782.0684428324
 20
1979.0103632936004
 10
3781.6626866536003
 20
1981.4689797812005
 10
3779.3217840951997
 20
1987.4327069492003
 10
3776.6464668856
 20
1991.2227400520003
 10
3773.135113048
 20
1994.4554146244002
 10
3769.1221384012
 20
1997.1307318340002
 10
3763.256950695264
 20
1998.3886629542153
  0
LWPOLYLINE
  5
4D
330
17
100
AcDbEntity
  8
0
100
AcDbPolyline
 90
22
 70
0
 10
3725.0187817528
 20
1951.0671919592003
 10
3725.5899745081506
 20
1947.4592501993027
 10
3727.2486901215975
 20
1944.204233924211
 10
3729.4662740651875
 20
1941.8978610380827
 10
3732.653523357447
 20
1940.1128881904958
 10
3735.7786981007484
 20
1939.4272270137697
 10
3739.4204828265365
 20
1939.7138182943797
 10
3742.399904195603
 20
1940.8799660342227
 10
3745.2687158294434
 20
1943.1415251421722
 10
3747.0981371770195
 20
1945.7664193734233
 10
3748.227011955612
 20
1949.2406633964295
 10
3748.289807114728
 20
1952.4395552296266
 10
3747.298245627733
 20
1955.9554527842572
 10
3745.5732488133845
 20
1958.650121257881
 10
3742.795467545424
 20
1961.0226011885277
 10
3739.8641075094956
 20
1962.3047792524885
 10
3736.23638752072
 20
1962.7341716142766
 10
3733.0867113693216
 20
1962.1716875927207
 10
3729.8318172621416
 20
1960.5132620946615
 10
3727.525425082299
 20
1958.2956939508592
 10
3725.740324552164
 20
1955.1083871630565
 10
3725.0550391939937
 20
1951.9838834119496
  0
LWPOLYLINE
  5
4E
330
17
100
AcDbEntity
  8
0
100
AcDbPolyline
 90
22
 70
0
 10
3337.4590429684
 20
1952.7460513064004
 10
3338.0302357237506
 20
1949.1381095465028
 10
3339.6889513371975
 20
1945.8830932714109
 10
3341.9065352807875
 20
1943.5767203852827
 10
3345.093784573047
 20
1941.791747537696
 10
3348.2189593163484
 20
1941.1060863609696
 10
3351.8607440421365
 20
1941.3926776415797
 10
3354.840165411203
 20
1942.5588253814228
 10
3357.7089770450434
 20
1944.8203844893721
 10
3359.5383983926195
 20
1947.445278720623
 10
3360.667273171212
 20
1950.9195227436294
 10
3360.730068330328
 20
1954.1184145768266
 10
3359.738506843333
 20
1957.6343121314571
 10
3358.0135100289845
 20
1960.328980605081
 10
3355.235728761024
 20
1962.7014605357276
 10
3352.3043687250956
 20
1963.9836385996884
 10
3348.67664873632
 20
1964.4130309614766
 10
3345.5269725849216
 20
1963.8505469399206
 10
3342.2720784777416
 20
1962.1921214418614
 10
3339.965686297899
 20
1959.9745532980594
 10
3338.180585767764
 20
1956.7872465102564
 10
3337.4953004095937
 20
1953.6627427591495
  0
LWPOLYLINE
  5
4F
330
17
100
AcDbEntity
  8
0
100
AcDbPolyline
 90
68
 70
0
 10
3925.4060661000003
 20
1408.2796231000002
 10
4408.37139813125
 20
1408.5640804972704
 10
4410.532591978907
 20
1409.018472193819
 10
4412.809264342188
 20
1410.0282289252336
 10
4416.273802916407
 20
1412.8723748469408
 10
4418.45147625625
 20
1417.012375110918
 10
4418.929930846094
 20
1419.0655450560625
 10
4418.683592955469
 20
1425.0125742690143
 10
4415.385434810129
 20
1457.064534057106
 10
4413.2683707875
 20
1486.4650538146075
 10
4400.0589467859845
 20
1569.5062763823737
 10
4395.315512493726
 20
1617.8290051622532
 10
4393.432570828942
 20
1646.5663410310085
 10
4393.309020201563
 20
1680.7071627661762
 10
4394.413329283594
 20
1720.237500922304
 10
4396.896117369532
 20
1731.5260928900775
 10
4401.631374315048
 20
1750.4192408255942
 10
4407.962279478907
 20
1784.5680241370258
 10
4410.445067564844
 20
1794.0475325110492
 10
4414.701293150782
 20
1804.8295922797258
 10
4421.15655438125
 20
1818.2166925757465
 10
4424.797972838282
 20
1828.848016132265
 10
4426.374388853907
 20
1834.7777209540425
 10
4427.310362975
 20
1839.853160513979
 10
4427.999999205469
 20
1846.536670920473
 10
4427.882573259206
 20
1871.5865139542173
 10
4426.729002178641
 20
1899.2619856126255
 10
4424.355414917109
 20
1955.047073999682
 10
4423.122679869531
 20
1981.7635837775285
 10
4422.285277525781
 20
1985.532487177187
 10
4420.462584654687
 20
1988.5978303961808
 10
4417.753173033593
 20
1991.9647083014545
 10
4411.743224303124
 20
1996.18588259955
 10
4405.831847349999
 20
1998.2964386176166
 10
4402.235716978906
 20
1998.9999987982806
 10
4041.524657408593
 20
1998.9418461249409
 10
4037.780760924218
 20
1998.338839014345
 10
4028.371764342187
 20
1994.519690210634
 10
4019.504637877343
 20
1989.2432379035051
 10
4015.169615904687
 20
1985.323536029726
 10
3946.382964560156
 20
1903.2307087340948
 10
3938.2168571156253
 20
1889.7894339209613
 10
3937.025084654688
 20
1886.5765298499164
 10
3933.7095747612634
 20
1868.248822771078
 10
3929.468517411932
 20
1840.5327107516014
 10
3927.4959098500003
 20
1830.4239286749896
 10
3926.9075309437503
 20
1823.0714134772356
 10
3928.0842887562503
 20
1784.8082930518206
 10
3930.2953028408333
 20
1763.5434801891793
 10
3930.879088560938
 20
1754.9480471381244
 10
3930.752379576563
 20
1735.8123309393939
 10
3930.139586607813
 20
1728.309733280092
 10
3927.7900993031253
 20
1717.9937043036516
 10
3923.1021300258917
 20
1707.675904899666
 10
3918.589537779688
 20
1698.926351740175
 10
3916.2742301625003
 20
1689.8810271643695
 10
3914.993346373438
 20
1682.1924530219133
 10
3914.4514762562503
 20
1675.5089737464007
 10
3912.6638786000003
 20
1642.014248010927
 10
3905.5437614125003
 20
1439.09410558539
 10
3905.780211607813
 20
1427.7572683791216
 10
3906.4895621937503
 20
1423.1742937060412
 10
3907.8491813343753
 20
1419.55615375815
 10
3909.6817008656253
 20
1416.7822471133288
 10
3912.401061217188
 20
1413.7671337328966
 10
3914.6472770375003
 20
1412.1389717291888
 10
3918.253356139063
 20
1410.209294496065
 10
3922.2730094593753
 20
1408.701737805849
  0
LWPOLYLINE
  5
50
330
17
100
AcDbEntity
  8
0
100
AcDbPolyline
 90
63
 70
0
 10
3933.5618251000005
 20
945.3109978626302
 10
4408.932140651758
 20
945.4640887020164
 10
4414.63547164541
 20
946.332440810018
 10
4419.913181606348
 20
949.1980091236167
 10
4422.892532650049
 20
951.8899027774863
 10
4426.297504726465
 20
957.9683771656089
 10
4426.9785006676275
 20
960.3997684619956
 10
4427.999992672021
 20
966.044061980062
 10
4424.626743618066
 20
1191.381945471578
 10
4423.278374019678
 20
1212.1390975711874
 10
4417.762317958887
 20
1253.2781963871055
 10
4415.160726030839
 20
1263.034102244332
 10
4409.572880092676
 20
1279.2137869022422
 10
4399.74596243505
 20
1302.086237338826
 10
4393.907642665918
 20
1318.4705709598595
 10
4392.193332973535
 20
1328.842581763082
 10
4390.301678005273
 20
1344.1593636844689
 10
4388.451617787852
 20
1355.455841057949
 10
4386.537533107812
 20
1363.6236245487266
 10
4385.169147792871
 20
1365.8221191165978
 10
4382.569225612695
 20
1368.160271582418
 10
4380.037716213281
 20
1369.5212502811485
 10
4375.693104091699
 20
1370.4983624027304
 10
4372.340565029199
 20
1370.5332537601523
 10
4233.655636135156
 20
1371.0427847049764
 10
4227.908428493554
 20
1372.7876608036092
 10
4222.229641262109
 20
1376.765953650289
 10
4219.937588039453
 20
1379.4530196903281
 10
4216.721889797265
 20
1384.9667788456015
 10
4214.840389553125
 20
1392.6092498539022
 10
4213.916714016015
 20
1397.285493140035
 10
4211.79571181875
 20
1400.6705404422812
 10
4208.169521633203
 20
1404.0904174564414
 10
4203.824886623437
 20
1406.2540514896446
 10
4198.625057521875
 20
1407.4405425785117
 10
4033.1132167015626
 20
1406.7071151493126
 10
4029.589626613672
 20
1405.1716180179649
 10
4026.0318568382813
 20
1401.9959805057576
 10
4023.774013820703
 20
1397.9827963016562
 10
4023.192440334375
 20
1394.144099707418
 10
4023.437588039453
 20
1291.111554846578
 10
4022.01885635
 20
1282.427983679586
 10
4019.5360682640626
 20
1274.709318823629
 10
4016.935055080469
 20
1269.4026885746055
 10
4012.393123928125
 20
1263.797940649801
 10
4007.631130519922
 20
1260.3640701053673
 10
4002.7049525414063
 20
1258.0608398197226
 10
3997.9840357933595
 20
1256.888280615621
 10
3943.8420985375005
 20
1257.167750525289
 10
3942.507931057032
 20
1256.3651260135703
 10
3938.3001063500005
 20
1252.1774541996053
 10
3936.7949183617193
 20
1248.5830587528283
 10
3936.384395900782
 20
1245.1282287357383
 10
3933.5584071312505
 20
1171.213847021871
 10
3931.1307469669173
 20
1133.398506417417
 10
3926.6123011742193
 20
1085.142647528463
 10
3917.8936306244996
 20
1004.8705110789479
 10
3913.734005275782
 20
966.9193280170491
 10
3914.308712307032
 20
961.7685029361776
 10
3915.417110744532
 20
958.0833614490559
 10
3918.331722560938
 20
952.5556511447957
 10
3923.1758387718755
 20
947.9911018131306
 10
3926.2546961937505
 20
946.5254182193806
  0
LWPOLYLINE
  5
51
330
17
100
AcDbEntity
  8
0
100
AcDbPolyline
 90
22
 70
0
 10
3975.201565090235
 20
993.0095447300008
 10
3974.788282315658
 20
995.854043667717
 10
3973.5823329125005
 20
998.4547617862752
 10
3971.68948256634
 20
1000.5853030970256
 10
3969.270412746485
 20
1002.0645994327596
 10
3966.5355004970293
 20
1002.763414958339
 10
3963.719173732813
 20
1002.6223448703817
 10
3961.0637412166207
 20
1001.6529531276854
 10
3958.799679103907
 20
999.9399870060017
 10
3957.119720444019
 20
997.6290763371337
 10
3956.1702235375005
 20
994.921649679952
 10
3956.0318818036294
 20
992.0490536006963
 10
3956.716915432032
 20
989.2588239810995
 10
3958.165933772536
 20
986.7925111010328
 10
3960.2556727562505
 20
984.8602089450887
 10
3962.8040456235844
 20
983.6306557164864
 10
3965.5935633812505
 20
983.2084252689413
 10
3968.383125884684
 20
983.6306570108605
 10
3970.9314845238287
 20
984.8602089450886
 10
3973.0212152673284
 20
986.7925208929666
 10
3974.4702113304693
 20
989.2588239810995
 10
3975.155051132292
 20
992.0485893244096
  0
LWPOLYLINE
  5
52
330
17
100
AcDbEntity
  8
0
100
AcDbPolyline
 90
22
 70
0
 10
4381.697765651758
 20
996.9441463230186
 10
4381.284469201772
 20
999.7886374832841
 10
4380.0785258446285
 20
1002.389347967916
 10
4378.185684045346
 20
1004.5198975818179
 10
4375.766590419824
 20
1005.9992010257773
 10
4373.031696922462
 20
1006.6979987873589
 10
4370.215343776758
 20
1006.5569310520225
 10
4367.559928492881
 20
1005.5875537680251
 10
4365.295887294824
 20
1003.8745808933311
 10
4363.615942741339
 20
1001.5636606330319
 10
4362.666385952051
 20
998.8562512729698
 10
4362.528049739625
 20
995.9836493138016
 10
4363.213131252344
 20
993.1934178684287
 10
4364.662145109542
 20
990.7271054818979
 10
4366.75185042959
 20
988.7948105381064
 10
4369.300231424354
 20
987.5652509325024
 10
4372.089771572168
 20
987.143026861959
 10
4374.879307435097
 20
987.5652510182373
 10
4377.427685085352
 20
988.7948105381064
 10
4379.517412055326
 20
990.7271142748915
 10
4380.966404262598
 20
993.1934178684287
 10
4381.651245195459
 20
995.9831874317987
  0
LWPOLYLINE
  5
53
330
17
100
AcDbEntity
  8
0
100
AcDbPolyline
 90
52
 70
0
 10
4478.6014911
 20
49.75802476318351
 10
4479.758519100001
 20
39.11336776318369
 10
4483.5767111000005
 20
29.04722576318356
 10
4490.518878100001
 20
18.749676763183672
 10
4498.6180731
 20
10.7661847631836
 10
4504.634618100001
 20
8.567831763183603
 10
4512.8495161
 20
7.295100763183578
 10
4943.2499151
 20
7.524932763183597
 10
4959.0626291
 20
8.199865763183608
 10
4976.1287901
 20
12.345882763183631
 10
5005.7587321
 20
22.42976676318354
 10
5028.9178021
 20
33.59277176318365
 10
5055.4091131000005
 20
50.25397276318355
 10
5062.7400421
 20
55.91878176318365
 10
5066.2388941
 20
60.08408176318354
 10
5068.4048501
 20
64.9158307631837
 10
5069.7377461
 20
70.41402676318371
 10
5070.9040301
 20
77.41173176318371
 10
5070.9999991
 20
350.9660027631837
 10
5066.5014740999995
 20
363.4619047631837
 10
5063.0026221
 20
370.12638476318364
 10
5058.1708741
 20
375.7911937631836
 10
5052.0062290999995
 20
379.95649376318363
 10
5045.0085241
 20
382.62228576318364
 10
5033.6789071
 20
383.78856976318366
 10
5015.5181971
 20
384.7882427631837
 10
4945.8450511
 20
384.0711437631837
 10
4940.0136301
 20
385.57065276318366
 10
4930.8499691
 20
390.7356247631836
 10
4920.5200241
 20
398.39977776318364
 10
4912.3560361
 20
409.8960067631836
 10
4906.1913911
 20
423.7248037631836
 10
4900.5265831
 20
431.38895676318367
 10
4890.0300261
 20
439.0531097631836
 10
4878.0339601
 20
443.8848577631837
 10
4871.0362561
 20
445.0511417631836
 10
4855.2081141
 20
445.0511417631836
 10
4794.3947281
 20
444.38469376318363
 10
4784.8978431
 20
446.55065076318357
 10
4746.9103041
 20
453.71496676318367
 10
4708.9227641
 20
454.38141476318367
 10
4666.6033121
 20
456.04753476318365
 10
4630.9483401
 20
458.04687976318365
 10
4623.6174121
 20
457.0472077631836
 10
4608.4557181
 20
447.3837107631836
 10
4578.9653911000005
 20
414.89436676318365
 10
4539.9781791000005
 20
372.9081387631837
 10
4505.3228801000005
 20
334.7539877631836
 10
4483.996542100001
 20
308.0960647631836
 10
4478.831569100001
 20
296.76644776318363
 10
4477.498673100001
 20
288.43584676318363
 10
4477.998509100001
 20
254.11377176318356
  0
CIRCLE
  5
54
330
17
100
AcDbEntity
  8
0
100
AcDbCircle
 10
4553.6138271
 20
285.81227676318366
 30
0.0
 40
11.0
  0
CIRCLE
  5
55
330
17
100
AcDbEntity
  8
0
100
AcDbCircle
 10
4526.222812100001
 20
50.08959576318369
 30
0.0
 40
11.0
  0
LWPOLYLINE
  5
56
330
17
100
AcDbEntity
  8
0
100
AcDbPolyline
 90
54
 70
0
 10
4477.49872812
 20
1221.9108580417414
 10
4478.54005312
 20
1211.7290130417416
 10
4481.20121712
 20
1203.7455200417414
 10
4490.22603512
 20
1185.6958850417416
 10
4493.92852412
 20
1181.4148820417415
 10
4503.30045012
 20
1175.2826340417416
 10
4511.63105112
 20
1172.6214700417415
 10
4534.54020312
 20
1170.3074140417416
 10
4641.66413912
 20
1167.5209210417415
 10
4715.37125912
 20
1166.9618450417415
 10
4721.6192101199995
 20
1168.4659810417415
 10
4732.379569119999
 20
1177.0279880417415
 10
4737.35478912
 20
1183.8544520417415
 10
4744.52836212
 20
1198.5487060417415
 10
4751.47052912
 20
1218.3338830417415
 10
4755.05731612
 20
1224.2347260417416
 10
4761.30526612
 20
1228.7471340417414
 10
4771.487112119999
 20
1232.7967320417415
 10
4777.73506212
 20
1233.4909490417415
 10
4801.56983712
 20
1234.0694630417415
 10
4879.749749119999
 20
1233.8101030417415
 10
4892.523337119999
 20
1235.1985370417415
 10
4903.35311812
 20
1240.3357410417416
 10
4920.8473791199995
 20
1254.2200750417414
 10
4925.98458312
 20
1261.0233990417414
 10
4930.5664141199995
 20
1268.9374700417416
 10
4932.64906412
 20
1273.6581440417415
 10
4933.48212412
 20
1280.4614680417415
 10
4934.45402712
 20
1489.1430180417415
 10
4930.42757012
 20
1503.8604130417414
 10
4917.098609119999
 20
1535.1001660417414
 10
4906.96304512
 20
1546.4853200417415
 10
4896.41095012
 20
1553.8440180417415
 10
4877.38941212
 20
1563.5630520417415
 10
4853.50835612
 20
1566.6176060417415
 10
4822.962820119999
 20
1568.8390990417415
 10
4780.89328612
 20
1571.0605930417414
 10
4691.61701412
 20
1578.1416030417415
 10
4681.89797912
 20
1579.8077240417415
 10
4671.90125812
 20
1582.7234340417415
 10
4664.54256112
 20
1585.7779880417415
 10
4654.26815312
 20
1591.4705650417416
 10
4647.32598612
 20
1596.6077690417417
 10
4643.16068612
 20
1597.9962020417415
 10
4637.7457951199995
 20
1598.4127320417415
 10
4578.04315612
 20
1598.4127320417415
 10
4509.29903812
 20
1601.2007070417415
 10
4501.10728112
 20
1598.8403700417414
 10
4495.9700771200005
 20
1595.2304430417414
 10
4489.44443912
 20
1589.3990220417415
 10
4484.86260912
 20
1584.5395050417417
 10
4480.83615212
 20
1572.8766640417414
 10
4479.44771812
 20
1563.0187860417416
 10
4478.75350212
 20
1553.8551250417415
  0
LWPOLYLINE
  5
57
330
17
100
AcDbEntity
  8
0
100
AcDbPolyline
 90
58
 70
0
 10
4805.7992111
 20
1205.5784146519245
 10
4783.9730371000005
 20
1204.0789056519245
 10
4770.3108521
 20
1200.5800536519246
 10
4747.818230100001
 20
1188.2507646519246
 10
4728.491236100001
 20
1172.5892346519245
 10
4699.3341331
 20
1147.9306566519247
 10
4670.510254100001
 20
1122.1057936519244
 10
4633.1891621
 20
1091.7824066519245
 10
4628.357414100001
 20
1086.1175986519245
 10
4620.6932611
 20
1074.1215336519247
 10
4618.6939171
 20
1067.9568886519244
 10
4618.3606931
 20
1058.7932276519246
 10
4620.097457100001
 20
988.0191096519243
 10
4623.216434100001
 20
932.5972886519243
 10
4623.9361971
 20
888.9316106519243
 10
4624.416040100001
 20
800.6405716519242
 10
4621.5369841
 20
709.2305546519243
 10
4618.178086100001
 20
687.6376376519243
 10
4611.7002111
 20
651.4095206519244
 10
4597.3049331
 20
580.6327366519242
 10
4595.865405100001
 20
565.7576156519242
 10
4595.865405100001
 20
547.0437536519244
 10
4599.224303100001
 20
526.6504426519243
 10
4603.063044100001
 20
514.4144566519242
 10
4610.500605100001
 20
498.57965065192445
 10
4621.0571421
 20
483.9444506519243
 10
4630.1741511
 20
474.3475986519244
 10
4647.6884071
 20
464.5108256519244
 10
4658.9647081
 20
460.91200565192446
 10
4669.7611661
 20
458.0329496519245
 10
4678.1584121000005
 20
456.5934226519245
 10
4920.9587711
 20
454.91397365192455
 10
4948.5497211
 20
459.4724776519244
 10
4962.9449991
 20
466.4301956519245
 10
4974.2213001
 20
475.0673626519244
 10
4987.6568931
 20
492.58161765192443
 10
5004.9312271
 20
518.2531976519243
 10
5009.489732100001
 20
535.2876096519243
 10
5016.4474501
 20
553.5216286519243
 10
5036.3609181
 20
578.7133656519244
 10
5055.3147011
 20
597.6671486519243
 10
5059.873206100001
 20
606.7841586519245
 10
5062.5123401
 20
621.1794366519244
 10
5063.4720251
 20
640.3731406519245
 10
5063.951868100001
 20
727.4357836519245
 10
5068.5122921
 20
804.5484096519244
 10
5070.999796100001
 20
984.0632866519244
 10
5068.9268761
 20
1001.4758156519244
 10
5067.2391101
 20
1129.6593696519246
 10
5064.6399621
 20
1142.6551066519244
 10
5061.6409461
 20
1151.6521556519244
 10
5052.2440281
 20
1165.2476966519246
 10
5040.447897100001
 20
1180.6426466519245
 10
5029.4515041
 20
1188.4400886519245
 10
5015.0562261000005
 20
1197.2372036519246
 10
4999.0614731000005
 20
1202.2355636519244
 10
4983.866457100001
 20
1203.6351046519246
 10
4959.8743261
 20
1204.6347766519245
  0
LWPOLYLINE
  5
58
330
17
100
AcDbEntity
  8
0
100
AcDbPolyline
 90
50
 70
0
 10
4615.749151100001
 20
1710.9303131000004
 10
4616.149020100001
 20
1705.7320181000005
 10
4620.3476431
 20
1693.1361491000005
 10
4627.3453471
 20
1679.5406091000004
 10
4634.9428551
 20
1668.5442161000003
 10
4647.9385931
 20
1658.7474291000003
 10
4656.735707100001
 20
1655.3485441000005
 10
4663.7334121
 20
1654.9486751000004
 10
4748.7055401
 20
1653.9490031000005
 10
4763.7006221
 20
1652.5494621000005
 10
4775.896621100001
 20
1649.9503151000004
 10
4788.6924241
 20
1645.1518891000005
 10
4798.4892111
 20
1639.3537911000003
 10
4807.4862591
 20
1627.9575291000003
 10
4818.6825871
 20
1597.1676281000005
 10
4829.6789800999995
 20
1577.5740551000004
 10
4834.6773401
 20
1573.1754981000004
 10
4842.674717100001
 20
1569.5766781000004
 10
4848.872684100001
 20
1567.9772031000005
 10
4859.2692741
 20
1567.1774651000003
 10
4886.660290100001
 20
1566.1777931000004
 10
4952.438714100001
 20
1568.5770061000005
 10
5040.4098581
 20
1572.3757601000004
 10
5047.8074321
 20
1574.3751041000005
 10
5053.6055301
 20
1578.3737931000005
 10
5063.0024471
 20
1586.5711041000004
 10
5069.2004141
 20
1598.1673001000004
 10
5069.4003491
 20
1609.9634311000004
 10
5070.999824099999
 20
1959.2488621000005
 10
5069.0004801
 20
1971.4448611000005
 10
5065.4016611
 20
1980.6418451000004
 10
5059.2036941
 20
1988.2393521000004
 10
5048.4072350999995
 20
1995.4369921000005
 10
5041.609465099999
 20
1998.2360731000003
 10
4909.1129251
 20
1998.9998231000004
 10
4902.1152200999995
 20
1996.8338671000004
 10
4890.119155099999
 20
1991.1690581000005
 10
4868.792817099999
 20
1978.3399331000003
 10
4855.6304681
 20
1975.0076931000006
 10
4842.4681181
 20
1973.1749601000004
 10
4799.1489941
 20
1970.0093321000004
 10
4760.328394099999
 20
1968.5098241000003
 10
4682.687195099999
 20
1963.8446881000004
 10
4663.360201099999
 20
1957.1802071000004
 10
4648.698343099999
 20
1949.1828301000003
 10
4636.5356661
 20
1938.0198251000004
 10
4626.3723331
 20
1924.8574761000004
 10
4619.707853100001
 20
1910.1956181000003
 10
4616.375612100001
 20
1899.1992251000004
 10
4614.709492100001
 20
1883.5376961000004
  0
LWPOLYLINE
  5
59
330
17
100
AcDbEntity
  8
0
100
AcDbPolyline
 90
68
 70
0
 10
5605.257420399544
 20
1101.9450472810527
 10
5613.893399098274
 20
1102.4530123689437
 10
5620.243420460579
 20
1103.9770602205058
 10
5624.053387501594
 20
1105.7550143220687
 10
5629.133419850227
 20
1109.8190402009745
 10
5632.943386891242
 20
1114.8989962556614
 10
5640.055394032356
 20
1127.5990389802714
 10
5641.579403736946
 20
1133.6950777986308
 10
5642.341389515755
 20
1142.3309420564435
 10
5643.865399220344
 20
1343.7530611970694
 10
5642.595410206673
 20
1350.1030062654274
 10
5638.023419239876
 20
1361.533059976364
 10
5632.181401112434
 20
1370.9309481599582
 10
5627.101406910774
 20
1373.9790438630832
 10
5623.545422413703
 20
1375.249032876755
 10
5619.7354172257155
 20
1375.7569979646462
 10
5585.953411915658
 20
1376.2649630525364
 10
5581.38142094886
 20
1377.026986978318
 10
5577.317395069953
 20
1378.55103482988
 10
5574.269413807747
 20
1380.3289889314444
 10
5571.475415089486
 20
1382.6150607087864
 10
5567.919392445442
 20
1387.1870516755832
 10
5563.0934189347
 20
1396.3310336091774
 10
5553.187413075324
 20
1429.6049593904274
 10
5549.123387196419
 20
1464.402933023239
 10
5549.631390431283
 20
1536.793069741989
 10
5548.869404652473
 20
1545.9370516755832
 10
5547.5994156388015
 20
1551.7790316560524
 10
5544.297413685676
 20
1555.8430575349582
 10
5539.979405262826
 20
1558.3830355623024
 10
5533.375401356575
 20
1560.160989663864
 10
5526.771397450324
 20
1560.9230135896462
 10
5229.591402867195
 20
1562.1930026033192
 10
5225.273403981087
 20
1561.1770724275361
 10
5221.4634083298415
 20
1559.1450594880841
 10
5218.415407994148
 20
1556.858987710739
 10
5215.875401356575
 20
1553.049020669724
 10
5214.60540280616
 20
1548.7309359529272
 10
5212.573408940193
 20
1530.189065835739
 10
5210.541405537483
 20
1467.196969888474
 10
5204.191403248665
 20
1427.0649813630832
 10
5202.667403080818
 20
1421.223001382614
 10
5197.587404110786
 20
1406.9990633943341
 10
5191.4914034394
 20
1393.5369967439442
 10
5184.125404217598
 20
1384.647073648239
 10
5180.061406948921
 20
1382.106943033005
 10
5170.155405857919
 20
1379.0589999177712
 10
5155.931405880806
 20
1376.0110568025361
 10
5144.7554050472945
 20
1371.94703092363
 10
5141.96140513694
 20
1370.1690768220692
 10
5137.135404804108
 20
1365.34302701738
 10
5136.373405018207
 20
1363.8189791658192
 10
5134.595404872057
 20
1358.231058023239
 10
5133.3254049060315
 20
1351.8809603669902
 10
5132.563404896614
 20
1345.276956460739
 10
5132.817404893544
 20
1156.5550326326143
 10
5133.3254049060315
 20
1151.9830416658183
 10
5134.341404893753
 20
1147.9190157869116
 10
5137.389404931423
 20
1141.3150118806616
 10
5140.6914047983855
 20
1136.4889620759748
 10
5143.739404538032
 20
1133.4410189607395
 10
5147.0414052990645
 20
1130.9010409333964
 10
5161.773404934761
 20
1124.0429781892553
 10
5177.775406697151
 20
1118.2009982087868
 10
5195.047407009956
 20
1113.8830660798808
 10
5232.711722193188
 20
1107.8969147747937
 10
5256.007408955452
 20
1105.2470492341774
 10
5308.331398823616
 20
1101.9450472810527
  0
LWPOLYLINE
  5
5A
330
17
100
AcDbEntity
  8
0
100
AcDbPolyline
 90
80
 70
0
 10
5293.1220091
 20
1998.4919971000004
 10
5285.248016180079
 20
1997.2220080863285
 10
5277.628005804101
 20
1994.9360126029303
 10
5270.769981206933
 20
1992.1419757376962
 10
5264.166015447656
 20
1988.8400500785165
 10
5259.340003789943
 20
1984.5220416556645
 10
5255.02199536709
 20
1979.695991850977
 10
5254.260009588282
 20
1977.9180377494147
 10
5251.719993413966
 20
1970.298027373438
 10
5250.958007635158
 20
1962.1699756156254
 10
5252.482017339747
 20
1747.0320361625006
 10
5253.4979856625005
 20
1734.3319934378912
 10
5255.02199536709
 20
1723.4099811087892
 10
5260.101989568751
 20
1707.915977812891
 10
5332.745994390528
 20
1582.1859973441408
 10
5334.270004095118
 20
1580.6620257865238
 10
5338.333991827051
 20
1577.8679889212897
 10
5342.3980177059575
 20
1576.0900348197267
 10
5347.986015142481
 20
1574.8200458060555
 10
5531.882003606836
 20
1573.8040393363285
 10
5536.199992956203
 20
1573.0420154105477
 10
5544.582008184473
 20
1569.4860309134767
 10
5548.391994298976
 20
1566.945976592188
 10
5552.456001104395
 20
1562.8820270072267
 10
5554.741996587793
 20
1559.0719836722658
 10
5555.758003057521
 20
1553.230003691798
 10
5556.0119951382085
 20
1547.3880237113287
 10
5555.758003057521
 20
1541.5460437308595
 10
5552.456001104395
 20
1444.5179980765627
 10
5553.472007574122
 20
1439.6920245658205
 10
5556.265996755641
 20
1435.6279986869147
 10
5559.567998708765
 20
1433.5959857474616
 10
5566.426004232447
 20
1431.5640491019533
 10
5569.727996648829
 20
1431.3099902640627
 10
5665.486000837366
 20
1431.5640491019533
 10
5671.327999891321
 20
1432.8340381156256
 10
5675.900000394861
 20
1435.3740161429698
 10
5678.186000646631
 20
1437.9139941703127
 10
5681.234000982325
 20
1444.2640155326178
 10
5681.995998682062
 20
1448.0739825736339
 10
5674.376000227015
 20
1587.2660296927736
 10
5675.64599877743
 20
1590.5680316458986
 10
5677.424000562708
 20
1593.3619922171877
 10
5679.964000047724
 20
1595.3940051566408
 10
5683.012000383417
 20
1597.1720355521488
 10
5697.744000019114
 20
1600.2199786673839
 10
5703.839999498407
 20
1603.267998076563
 10
5708.66599983124
 20
1607.0780414115236
 10
5711.459999741594
 20
1611.6500323783207
 10
5712.983999834935
 20
1615.9680408011727
 10
5713.745999825726
 20
1620.5400317679698
 10
5713.999999822657
 20
1629.4300311576178
 10
5713.745999825726
 20
1638.066048003321
 10
5712.221999825518
 20
1649.496025420313
 10
5709.681999744455
 20
1664.2280047904303
 10
5706.37999957947
 20
1677.4360126029303
 10
5699.26800018696
 20
1699.534019805079
 10
5680.726000131647
 20
1749.8259967337892
 10
5678.186000646631
 20
1758.9699786673834
 10
5676.407998861354
 20
1768.1140368949225
 10
5675.138000310938
 20
1777.5120013724613
 10
5673.1060016766
 20
1803.4199756156256
 10
5672.089999975245
 20
1827.8039783011725
 10
5671.582001508753
 20
1852.4420398246098
 10
5671.835998357812
 20
1876.8260425101566
 10
5672.852000059168
 20
1901.2100451957042
 10
5674.368406901511
 20
1915.720769832232
 10
5678.439999879876
 20
1943.8820117484377
 10
5681.7419994488155
 20
1959.3760150443368
 10
5683.77400046734
 20
1969.789985991602
 10
5683.77400046734
 20
1973.8540118705087
 10
5681.995998682061
 20
1981.4740222464848
 10
5679.4559991970455
 20
1986.0460132132819
 10
5676.153999628106
 20
1989.8559802542973
 10
5671.073998273889
 20
1993.1579822074225
 10
5664.977997602503
 20
1995.4439776908207
 10
5654.8179996624385
 20
1996.9680255423837
 10
5634.24400216488
 20
1998.4919971000004
 10
5609.09799939541
 20
1999.000000334864
 10
5309.124015630761
 20
1999.000000334864
  0
LWPOLYLINE
  5
5B
330
17
100
AcDbEntity
  8
0
100
AcDbPolyline
 90
24
 70
0
 10
5630.434001745263
 20
1933.213981963282
 10
5629.9259985104
 20
1937.0240252982426
 10
5628.401998342553
 20
1940.5800097953133
 10
5626.116002859155
 20
1943.628029204493
 10
5623.0680025234615
 20
1945.9140246878912
 10
5619.511998952905
 20
1947.4379962455087
 10
5615.955995382348
 20
1947.6919787894542
 10
5612.145999731103
 20
1947.4379962455087
 10
5608.589996160546
 20
1945.9140246878912
 10
5605.541995824853
 20
1943.628029204493
 10
5603.256000341455
 20
1940.5800097953133
 10
5601.98600179104
 20
1937.0240252982426
 10
5601.477998556176
 20
1933.213981963282
 10
5601.98600179104
 20
1929.6579974662113
 10
5603.256000341455
 20
1926.1020129691415
 10
5605.541995824853
 20
1923.0539935599616
 10
5608.589996160546
 20
1920.767998076563
 10
5612.145999731103
 20
1919.2440265189462
 10
5615.955995382348
 20
1918.7359851371102
 10
5619.511998952905
 20
1919.2440265189462
 10
5623.0680025234615
 20
1920.767998076563
 10
5626.116002859155
 20
1923.0539935599616
 10
5628.401998342553
 20
1926.1020129691415
 10
5629.9259985104
 20
1929.6579974662113
  0
LWPOLYLINE
  5
5C
330
17
100
AcDbEntity
  8
0
100
AcDbPolyline
 90
24
 70
0
 10
5331.7299879208
 20
1934.2299884330084
 10
5331.221984685937
 20
1938.0400317679696
 10
5329.698013128321
 20
1941.5960162650397
 10
5327.412017644921
 20
1944.6440356742194
 10
5324.363998235742
 20
1946.930031157618
 10
5320.808013738671
 20
1948.20002017129
 10
5317.2519910946285
 20
1948.7079852591803
 10
5313.44198590664
 20
1948.2000201712895
 10
5309.88600140957
 20
1946.930031157618
 10
5306.83798200039
 20
1944.6440356742194
 10
5304.551986516992
 20
1941.5960162650397
 10
5303.028014959375
 20
1938.0400317679696
 10
5302.520011724512
 20
1934.2299884330084
 10
5303.028014959375
 20
1930.6740039359377
 10
5304.551986516992
 20
1927.1180194388678
 10
5306.83798200039
 20
1924.070000029688
 10
5309.88600140957
 20
1921.7840045462897
 10
5313.44198590664
 20
1920.2600329886725
 10
5317.2519910946285
 20
1919.7519916068366
 10
5320.808013738671
 20
1920.2600329886725
 10
5324.363998235742
 20
1921.7840045462897
 10
5327.412017644921
 20
1924.070000029688
 10
5329.698013128321
 20
1927.1180194388678
 10
5331.221984685937
 20
1930.6740039359383
  0
LWPOLYLINE
  5
5D
330
17
100
AcDbEntity
  8
0
100
AcDbPolyline
 90
69
 70
0
 10
5308.398212285176
 20
1100.9450472810527
 10
5256.074203343526
 20
1097.8971041658183
 10
5251.405953714365
 20
1097.4551378076244
 10
5228.134197087423
 20
1094.595102212693
 10
5195.114206166402
 20
1089.2610873201156
 10
5177.8422010852255
 20
1084.9430026033183
 10
5161.840204091207
 20
1079.1010226228495
 10
5147.108205647603
 20
1072.2431124665998
 10
5143.806203694478
 20
1069.7031344392556
 10
5140.758203358785
 20
1066.6550387361308
 10
5137.45620140566
 20
1061.5750826814433
 10
5134.408201069967
 20
1055.2249850251937
 10
5132.88420090212
 20
1046.5891207673806
 10
5132.630199284688
 20
857.612985513474
 10
5134.662202687398
 20
844.6590365388656
 10
5137.202199788228
 20
837.8010500886694
 10
5139.48820480837
 20
835.0070895173801
 10
5144.822200627462
 20
831.1970461824194
 10
5155.998205037252
 20
827.1330965974591
 10
5175.810207219259
 20
822.561029336716
 10
5180.128206105367
 20
820.7830752351545
 10
5184.192203374044
 20
818.2430972078103
 10
5186.732200474874
 20
815.7030428865214
 10
5191.558202595846
 20
809.6070803621071
 10
5197.654203267232
 20
796.1450900056624
 10
5204.258197636739
 20
776.079095742966
 10
5205.274204106466
 20
770.2370394685523
 10
5210.6081999255575
 20
735.9470309236302
 10
5213.402198643819
 20
663.8110293367163
 10
5214.672206730977
 20
654.1590823152325
 10
5215.942195744649
 20
649.8410738923803
 10
5218.482211918966
 20
646.0310305574193
 10
5221.530212254659
 20
643.7450350740213
 10
5225.340198369161
 20
641.9670809724594
 10
5229.658206792013
 20
640.6970919587875
 10
5526.838210911885
 20
642.2210635164043
 10
5533.442214818135
 20
642.9830874421855
 10
5540.046218724386
 20
644.7610415437485
 10
5544.364189000264
 20
647.3010958650374
 10
5547.66619095339
 20
651.3650454499985
 10
5548.936218114033
 20
656.9530428865215
 10
5549.698203892843
 20
666.3510836580055
 10
5549.1902006579785
 20
738.4870852449192
 10
5553.254188389912
 20
773.5390414216773
 10
5563.160194249287
 20
806.8130434968733
 10
5567.986205907003
 20
815.9570254304665
 10
5571.542190404073
 20
820.5290926912093
 10
5574.336189122335
 20
822.8150881746074
 10
5577.384208531515
 20
824.5930422761695
 10
5581.448196263447
 20
826.1170901277324
 10
5586.020187230245
 20
826.8790377595682
 10
5619.802192540304
 20
827.1330965974593
 10
5623.612197728291
 20
827.8950442292946
 10
5627.168220372334
 20
829.1650332429665
 10
5632.248214573995
 20
832.2130526521465
 10
5635.042213292256
 20
836.2770785310521
 10
5638.090194554463
 20
841.6110934236303
 10
5640.376190037861
 20
846.6910494783184
 10
5642.662185521261
 20
853.0410708406235
 10
5643.932212681904
 20
859.3910922029276
 10
5642.408202977314
 20
1060.8130587556623
 10
5641.138213963643
 20
1072.4970187165998
 10
5638.598197789326
 20
1078.5930575349596
 10
5633.010200352804
 20
1087.9910983064435
 10
5627.676185460225
 20
1094.5951022126933
 10
5624.120200963155
 20
1097.3889864900373
 10
5620.310195775167
 20
1099.1670931794906
 10
5613.960212559834
 20
1100.4370821931623
 10
5609.642204136982
 20
1100.9450472810527
  0
LWPOLYLINE
  5
5E
330
17
100
AcDbEntity
  8
0
100
AcDbPolyline
 90
57
 70
0
 10
5637.291969100001
 20
44.94200009999985
 10
5644.911979475977
 20
55.86399812398678
 10
5648.213981429102
 20
64.24599904714312
 10
5649.737991133692
 20
72.37399835286827
 10
5650.610147060459
 20
103.18033673597192
 10
5650.245994368555
 20
126.22199792562252
 10
5648.7219846639655
 20
158.2260014504029
 10
5648.975967207911
 20
174.73600167928439
 10
5649.991973677637
 20
191.2459923714234
 10
5658.62799052334
 20
227.05999154744882
 10
5666.501983443262
 20
257.5399949043825
 10
5675.1380002889655
 20
287.7659966438838
 10
5683.011993208887
 20
340.8520104378297
 10
5686.185928859861
 20
401.02900105699405
 10
5691.647971907618
 20
437.3720147102907
 10
5702.315963545801
 20
495.7920052498413
 10
5707.085649102231
 20
528.0052337886477
 10
5711.111455299978
 20
563.490241426302
 10
5713.999999800684
 20
603.741986939294
 10
5713.745979109766
 20
608.0599953621461
 10
5711.2060010824225
 20
617.204015442712
 10
5707.9039991292975
 20
623.8079812019893
 10
5701.04597453213
 20
632.9520012825558
 10
5695.203994551661
 20
637.0159890144894
 10
5690.631965437891
 20
639.0480019539427
 10
5685.805991927149
 20
640.3179909676145
 10
5350.7799756917975
 20
640.3179909676143
 10
5331.729978362086
 20
637.0159890144892
 10
5328.427985945704
 20
635.4920174568724
 10
5324.109977522851
 20
632.4439980476927
 10
5319.791978636743
 20
626.0940148323604
 10
5316.23598460293
 20
617.4579979866573
 10
5297.439979353907
 20
464.29599542318124
 10
5293.8839853200925
 20
447.02399987874753
 10
5290.073980132105
 20
437.37201471029067
 10
5285.247978011133
 20
428.7359978645869
 10
5272.8019845876715
 20
413.49601525960657
 10
5220.477980414393
 20
367.26798791585657
 10
5207.269982138636
 20
353.55201501546617
 10
5203.459981719019
 20
347.20199365316125
 10
5200.411981383326
 20
338.3119942635128
 10
5183.647981921198
 20
282.9400040596556
 10
5178.8219821099065
 20
255.2539994209835
 10
5178.059982100489
 20
231.37799997030018
 10
5179.837982097628
 20
38.59200019536717
 10
5180.8539820108435
 20
32.495999523980224
 10
5182.37798217869
 20
26.654000470025036
 10
5184.663981834414
 20
20.05000014005395
 10
5188.219982424738
 20
14.207999894006196
 10
5191.521981993677
 20
10.14400024114354
 10
5200.411981383326
 20
4.556000122411206
 10
5207.523981371882
 20
1.7619999885389392
 10
5215.143982211115
 20
0.9999999977479712
 10
5584.967979231837
 20
0.9999999977480662
 10
5592.8419721517585
 20
1.5080000102352404
 10
5597.667983809473
 20
3.2860000818801445
 10
5603.255981245997
 20
7.095999905450284
  0
LWPOLYLINE
  5
5F
330
17
100
AcDbEntity
  8
0
100
AcDbPolyline
 90
60
 70
0
 10
5646.741897547996
 20
442.8307391
 10
5647.421200891058
 20
26.147811086000395
 10
5649.277058033841
 20
21.860365539000334
 10
5653.717858788139
 20
14.893265114000432
 10
5665.250685850162
 20
5.849432723000411
 10
5675.215092215137
 20
2.02348337750039
 10
5681.889182639563
 20
1.000003822500397
 10
6072.649482785449
 20
1.2205551339994816
 10
6085.905604967969
 20
3.3642779075004228
 10
6095.118610601513
 20
6.311897897000451
 10
6104.066494052022
 20
10.130404028500495
 10
6111.224800440121
 20
15.824669703500549
 10
6118.117984645185
 20
23.193716855000453
 10
6124.348362461893
 20
27.213197290500553
 10
6131.8380711134005
 20
31.098696111000386
 10
6187.542615044563
 20
47.3714208370006
 10
6191.79383112745
 20
49.439053868999466
 10
6194.350952183671
 20
51.991289803999464
 10
6196.62039851722
 20
55.83579826549949
 10
6198.4423495967
 20
60.71412136149952
 10
6199.01770090358
 20
64.81708395199956
 10
6198.533384416825
 20
161.00905555849948
 10
6199.843972715833
 20
169.37404274950057
 10
6202.7713668221
 20
180.20431047149958
 10
6206.19586618502
 20
188.01996739650045
 10
6210.835509041979
 20
196.05893014900042
 10
6216.082724576728
 20
203.20467335449942
 10
6219.672923209813
 20
206.72171991150017
 10
6225.251542869509
 20
210.12711261400014
 10
6234.917464557405
 20
215.26311654250014
 10
6246.461339850772
 20
219.3942489509999
 10
6269.272918161589
 20
225.14434061250006
 10
6289.082249900702
 20
228.86119870649975
 10
6294.881802541131
 20
230.81511199699995
 10
6299.0243420029765
 20
233.27146292900002
 10
6304.7686609328375
 20
239.69146642849992
 10
6306.204741130688
 20
243.65512087749985
 10
6307.364652775697
 20
250.63338612350017
 10
6308.837278698527
 20
447.64736028500005
 10
6307.776789966387
 20
450.9969270010001
 10
6305.854650881691
 20
453.40861488600007
 10
6299.2265907211995
 20
459.3708456725
 10
6295.978838859791
 20
460.9786382229999
 10
6288.228609748563
 20
462.9880689340002
 10
6281.286022171696
 20
463.18190858999986
 10
6240.752051353504
 20
454.03262753150005
 10
6215.357296031263
 20
451.9670603865001
 10
6147.314507066201
 20
452.7587540981438
 10
6082.683402453391
 20
456.74177503916417
 10
5992.51248022723
 20
461.7774937110428
 10
5928.743878673593
 20
466.45289184595373
 10
5822.298567258013
 20
474.86546478450026
 10
5742.41750679931
 20
473.53056714804296
 10
5694.529702806645
 20
471.9853983583932
 10
5667.6202922658495
 20
470.9001132225
 10
5663.643455797247
 20
469.6272784724999
 10
5659.268935123324
 20
466.94762359450004
 10
5655.225816712808
 20
463.4640733820001
 10
5652.044346793311
 20
459.8465415545001
 10
5648.332632507744
 20
452.74545763300006
  0
LWPOLYLINE
  5
60
330
17
100
AcDbEntity
  8
0
100
AcDbPolyline
 90
22
 70
0
 10
5724.6197000798165
 20
311.5557088875002
 10
5727.3217009898035
 20
311.9606141930803
 10
5729.79077713332
 20
313.1411585097639
 10
5731.814914175625
 20
314.99554645381005
 10
5733.218886945543
 20
317.3631144975256
 10
5733.882549835142
 20
320.0412082178287
 10
5733.748548165039
 20
322.7985210918668
 10
5732.828507306316
 20
325.3975067091438
 10
5731.201232770467
 20
327.6153159315126
 10
5729.007648974173
 20
329.2596595315246
 10
5726.435540863898
 20
330.18994641289345
 10
5723.707297223006
 20
330.3253599077173
 10
5721.057800254652
 20
329.65460558960007
 10
5718.714624291884
 20
328.2349760464561
 10
5716.880636362354
 20
326.18973585463203
 10
5715.712749450746
 20
323.69379869270466
 10
5715.312007287496
 20
320.9632088875
 10
5715.712749274644
 20
318.2326194867474
 10
5716.880636362354
 20
315.7366819203682
 10
5718.714633201671
 20
313.69142046330916
 10
5721.057800254652
 20
312.27181218540017
 10
5723.706837088678
 20
311.60129002904176
  0
LWPOLYLINE
  5
61
330
17
100
AcDbEntity
  8
0
100
AcDbPolyline
 90
22
 70
0
 10
5722.670484916787
 20
100.84140432600054
 10
5725.372485826774
 20
101.2463096315804
 10
5727.841561970291
 20
102.42685394826447
 10
5729.8656990125955
 20
104.2812418923105
 10
5731.269671782515
 20
106.64880993602549
 10
5731.933334672112
 20
109.32690365632845
 10
5731.79933300201
 20
112.08421653036646
 10
5730.879292143287
 20
114.68320214764447
 10
5729.252017607438
 20
116.9010113700125
 10
5727.058433811144
 20
118.5453549700245
 10
5724.486325700867
 20
119.47564185139333
 10
5721.758082059978
 20
119.61105534621754
 10
5719.1085850916215
 20
118.9403010280995
 10
5716.765409128856
 20
117.52067148495541
 10
5714.931421199326
 20
115.47543129313237
 10
5713.7635342877165
 20
112.97949413120443
 10
5713.362792124467
 20
110.24890432600034
 10
5713.763534111615
 20
107.51831492524741
 10
5714.931421199326
 20
105.02237735886854
 10
5716.765418038643
 20
102.9771159018095
 10
5719.1085850916215
 20
101.5575076239005
 10
5721.757621925649
 20
100.88698546754142
  0
LWPOLYLINE
  5
62
330
17
100
AcDbEntity
  8
0
100
AcDbPolyline
 90
73
 70
0
 10
5794.302142547996
 20
862.3783543932451
 10
6094.4566823069945
 20
862.4541450741144
 10
6097.527119090495
 20
864.1111601142371
 10
6102.318861200994
 20
867.9315007593063
 10
6105.296254046495
 20
871.9819834163583
 10
6108.320168860995
 20
877.2752273535024
 10
6109.669300317495
 20
881.1415964009682
 10
6111.018431773995
 20
886.9871793053327
 10
6112.8269164034955
 20
990.2014095717406
 10
6113.029863492827
 20
1065.5714444507496
 10
6112.8269164034955
 20
1115.8210974508975
 10
6103.362145424995
 20
1294.2014940463996
 10
6089.823770781995
 20
1587.4608472848931
 10
6087.965183688995
 20
1592.85984895062
 10
6084.280659172495
 20
1599.7088458149221
 10
6081.210222388994
 20
1603.740915994093
 10
6077.414045899495
 20
1606.4473752580882
 10
6068.872649268495
 20
1609.26430194322
 10
6061.878696489714
 20
1609.865239028523
 10
5977.528648469906
 20
1609.265379327591
 10
5883.152675602366
 20
1607.3542679390919
 10
5825.079514464494
 20
1605.836271241654
 10
5819.552728630495
 20
1605.007763721593
 10
5815.030812434995
 20
1603.295514970902
 10
5812.295331570494
 20
1601.1966283846948
 10
5805.484544283995
 20
1593.5743577109
 10
5801.944483025646
 20
1586.287259904894
 10
5798.729584865495
 20
1573.082600828562
 10
5795.324190281495
 20
1563.913782535781
 10
5773.399253691785
 20
1515.3382794630559
 10
5758.408604218909
 20
1479.8337894319332
 10
5745.256319187707
 20
1445.8693323486552
 10
5736.646130124995
 20
1422.383353335885
 10
5732.559657000495
 20
1416.5506597244992
 10
5727.870262845495
 20
1411.447052581844
 10
5719.1613882549955
 20
1403.6922198857621
 10
5711.591364917995
 20
1398.522332662734
 10
5704.088334269995
 20
1394.5454943325929
 10
5688.680324365995
 20
1387.5860300471538
 10
5685.263764960995
 20
1385.5976127436231
 10
5680.842335917495
 20
1381.289372150073
 10
5678.631622336496
 20
1377.975340208289
 10
5673.808244684995
 20
1367.039039454249
 10
5669.922747745995
 20
1352.4573044950148
 10
5664.898395790495
 20
1326.6741447371678
 10
5662.610185105995
 20
1314.0274214017618
 10
5659.823415931905
 20
1306.81589049822
 10
5650.551743799495
 20
1288.8301827667292
 10
5648.718859877995
 20
1280.4311032217183
 10
5647.964869449495
 20
1263.7902366937326
 10
5648.254272371995
 20
1248.9009588107938
 10
5650.823097492495
 20
1144.669096152939
 10
5646.7420624208435
 20
1049.8102137358235
 10
5648.647556363647
 20
927.5698721925323
 10
5650.734212048396
 20
852.6785258217624
 10
5651.563494083495
 20
828.9164970048182
 10
5652.6677276184955
 20
825.3334001413325
 10
5655.481364111495
 20
821.1179516603063
 10
5661.349805885995
 20
816.6638948899334
 10
5667.780974206496
 20
813.5619629284238
 10
5671.076948276495
 20
812.7665945177803
 10
5675.739546108495
 20
812.4484482704461
 10
5745.264476342995
 20
812.82696607477
 10
5749.5251255669955
 20
813.6223344854135
 10
5757.0817488609955
 20
816.644730350474
 10
5762.307075120495
 20
820.4624927646398
 10
5765.522658339995
 20
824.3597931367931
 10
5769.381360837495
 20
832.0748577846505
 10
5772.838114726996
 20
845.3574919993201
 10
5774.847854003995
 20
849.8115506312316
 10
5777.983050135996
 20
853.7088491418461
 10
5782.967205725496
 20
857.6856874719869
 10
5788.031752165495
 20
860.6285453790601
  0
LWPOLYLINE
  5
63
330
17
100
AcDbEntity
  8
0
100
AcDbPolyline
 90
52
 70
0
 10
6344.516966898827
 20
1875.9533311000002
 10
6346.299537130102
 20
1976.6665490880002
 10
6344.100505354067
 20
1982.7787335430012
 10
6339.152682927215
 20
1990.0022222100001
 10
6336.629142165051
 20
1992.1183979420011
 10
6334.4418808973205
 20
1993.1902602695002
 10
6332.055779388467
 20
1993.5252161885003
 10
5937.563930263673
 20
1998.9999992440012
 10
5933.772983312441
 20
1997.1060248990002
 10
5927.950894886224
 20
1993.2473224015012
 10
5920.506255944754
 20
1986.5910627100002
 10
5919.265482787843
 20
1984.4687777475003
 10
5918.120152574362
 20
1980.8994781725003
 10
5918.436271606206
 20
1625.0675264425006
 10
5919.390712209748
 20
1621.5946951355006
 10
5921.681370775171
 20
1617.8324609060007
 10
5924.735580334196
 20
1614.4560978670006
 10
5928.3624568615
 20
1612.1408763685006
 10
5931.989331527264
 20
1610.5009271015006
 10
5938.4795298651925
 20
1609.8256548700006
 10
6064.58949301603
 20
1611.2459879310006
 10
6073.25899640589
 20
1609.3166376230006
 10
6081.032518062297
 20
1606.0661000219388
 10
6093.063644513991
 20
1597.9817008005007
 10
6098.710753900328
 20
1591.9524792065006
 10
6104.198787370692
 20
1585.1193622780006
 10
6107.85747759196
 20
1577.1607903760007
 10
6112.939832544942
 20
1554.5338185833682
 10
6117.560959543349
 20
1529.5701369020005
 10
6119.310768557534
 20
1523.2193575505005
 10
6121.537796011951
 20
1520.4057191760007
 10
6126.95734161721
 20
1516.6720686945005
 10
6131.320815921328
 20
1514.9972853365007
 10
6136.18139362056
 20
1513.7132838840005
 10
6321.292162397264
 20
1513.5985594215008
 10
6324.926916955747
 20
1514.5159694140007
 10
6328.425060645579
 20
1516.0977088340007
 10
6332.153346347393
 20
1518.8424937160005
 10
6336.157800602049
 20
1522.5642361840007
 10
6338.321126206996
 20
1525.9603248690005
 10
6339.978141247118
 20
1529.5425014300006
 10
6340.760620364783
 20
1532.5198942755005
 10
6346.139515552541
 20
1734.1460458320007
 10
6345.471407502369
 20
1740.3199679465006
 10
6342.130863528437
 20
1747.1691641740006
 10
6335.3543344986765
 20
1756.5265165545006
 10
6328.768691355779
 20
1767.2344133980007
 10
6327.337030450466
 20
1773.6012701670006
 10
6327.432475255437
 20
1839.3921341085002
 10
6328.768691355779
 20
1842.4790942250002
 10
6340.221982321353
 20
1862.3514087945011
 10
6343.657969238717
 20
1870.0688119080003
  0
LWPOLYLINE
  5
64
330
17
100
AcDbEntity
  8
0
100
AcDbPolyline
 90
50
 70
0
 10
6357.0000011
 20
488.3650328020608
 10
6355.2174308687245
 20
589.0782507900607
 10
6354.358433208614
 20
594.9627699820605
 10
6350.92244629125
 20
602.6801730955608
 10
6338.132939225334
 20
625.6394477815606
 10
6338.037496281902
 20
691.4303117230606
 10
6339.469157187214
 20
697.7971684920609
 10
6346.054798468573
 20
708.5050653355607
 10
6352.831329359871
 20
717.8624177160608
 10
6356.1718714722665
 20
724.7116120620607
 10
6356.839979522438
 20
730.8855360580607
 10
6351.46108433468
 20
932.5116876145606
 10
6350.6786052170155
 20
935.4890804600608
 10
6349.0215901768925
 20
939.0712570210607
 10
6346.858264571946
 20
942.4673457060607
 10
6342.8538103172905
 20
946.1890881740609
 10
6339.125526477014
 20
948.9338711745607
 10
6335.627382787183
 20
950.5156124760605
 10
6331.9926282287
 20
951.4330205870609
 10
6146.881859451995
 20
951.3182980060608
 10
6142.021279891225
 20
950.0342965535608
 10
6137.657807448646
 20
948.3595131955606
 10
6132.238261843387
 20
944.6258608325609
 10
6130.011232527431
 20
941.8122243395608
 10
6127.866451726914
 20
933.5170857751223
 10
6118.557943423395
 20
887.8707915140606
 10
6114.8992532021275
 20
879.9122196120604
 10
6109.411217870226
 20
873.0791026835607
 10
6103.764110345426
 20
867.0498810895605
 10
6090.083790063896
 20
857.9658542140606
 10
6083.959462237326
 20
855.7149442670606
 10
6075.289956985927
 20
853.7855939590605
 10
5949.179993835089
 20
855.2059270200606
 10
5942.689795497161
 20
854.5306529070607
 10
5939.062920831396
 20
852.8907055215607
 10
5935.436046165631
 20
850.5754840230605
 10
5932.381834745068
 20
847.1991209840605
 10
5930.091176179645
 20
843.4368867545605
 10
5929.136735576103
 20
839.9640554475606
 10
5928.820618405798
 20
484.1321037175607
 10
5929.96594675774
 20
480.5628041425607
 10
5931.206719914651
 20
478.44051918006073
 10
5933.974598781844
 20
475.64296010456064
 10
5938.651358856121
 20
471.7842576070608
 10
5944.473449143878
 20
467.9255569910607
 10
5948.264396095109
 20
466.03158264606077
 10
6345.142346728757
 20
471.8413216205607
 10
6347.329606134949
 20
472.91318394806086
 10
6349.8531487586515
 20
475.02935968006085
 10
6354.800969323964
 20
482.2528483470607
  0
LWPOLYLINE
  5
65
330
17
100
AcDbEntity
  8
0
100
AcDbPolyline
 90
70
 70
0
 10
6400.62277400198
 20
783.3551926043921
 10
6403.40787639965
 20
763.036667945727
 10
6405.944634063842
 20
754.4398928088337
 10
6409.932716331619
 20
746.4126988723597
 10
6415.155109197026
 20
739.1391890870211
 10
6421.399672474399
 20
732.7218595050412
 10
6428.482117180547
 20
727.2050827184752
 10
6436.1995109780055
 20
722.6186239915991
 10
6444.430421442579
 20
719.0342394356142
 10
6453.045303903726
 20
716.5086828873057
 10
6461.92149857431
 20
715.2746862249923
 10
6465.751583945095
 20
714.9958636481495
 10
6584.1518294861635
 20
714.9276513147584
 10
6592.416330389755
 20
716.6792554537927
 10
6597.617696703685
 20
719.4303652632968
 10
6601.9920718866015
 20
723.365680102487
 10
6605.275819130979
 20
728.2483324851976
 10
6607.208936704878
 20
733.0690629641335
 10
6608.016810491998
 20
736.4386579275052
 10
6608.479827767353
 20
741.6118002274404
 10
6608.283157594349
 20
745.0712293068244
 10
6606.69215587778
 20
751.8041064150456
 10
6606.052308439311
 20
753.4150030832053
 10
6604.940765646226
 20
757.6252133709338
 10
6605.213916019197
 20
762.9400477933955
 10
6606.821007507902
 20
768.00969226214
 10
6609.580789925596
 20
772.5513832387604
 10
6613.307699184459
 20
776.3308552621723
 10
6617.735386480214
 20
779.2461147628786
 10
6622.82918153792
 20
781.2162344787382
 10
6628.39743060205
 20
781.9982149551424
 10
6641.063110059371
 20
781.9356798052299
 10
6773.789181644337
 20
782.2922922253757
 10
6777.525591335892
 20
783.1371983936133
 10
6782.59999222337
 20
785.9067771847718
 10
6785.695886360827
 20
788.5836798232804
 10
6789.861083164711
 20
794.384423507732
 10
6791.091321682321
 20
797.2007673215322
 10
6792.147358877209
 20
801.1548914525029
 10
6792.440329190194
 20
807.277658781682
 10
6791.570958711545
 20
1118.8746967902268
 10
6790.428992275701
 20
1123.1733807223388
 10
6788.520248276238
 20
1127.3983667629836
 10
6784.415793304689
 20
1132.9995913681726
 10
6779.054660533568
 20
1137.4130307036971
 10
6772.769286375252
 20
1140.3649367529374
 10
6768.249745618594
 20
1141.353312525429
 10
6766.770891891686
 20
1141.4145292503445
 10
6628.828055158912
 20
1140.3640942948891
 10
6623.446638907634
 20
1142.4876379943632
 10
6618.64039325173
 20
1145.7175378747113
 10
6616.023543897607
 20
1148.5689514908775
 10
6613.5372691303955
 20
1152.1302365051286
 10
6606.604189122714
 20
1163.2635836988222
 10
6603.9160971004385
 20
1166.5763283209994
 10
6598.370485768281
 20
1170.9791458999578
 10
6593.208312943798
 20
1173.4209282231743
 10
6587.68865328683
 20
1174.8852187429518
 10
6581.994905757182
 20
1175.3233670206757
 10
6439.626008284112
 20
1176.2334098967049
 10
6433.854999206889
 20
1175.36278540247
 10
6425.494031685715
 20
1172.7976030268244
 10
6418.0825444552665
 20
1169.1478250648033
 10
6414.076331040236
 20
1166.3701226271664
 10
6408.081455952213
 20
1160.8966820519618
 10
6405.444722665994
 20
1157.8040734361482
 10
6401.3856778177
 20
1151.7262839717825
 10
6398.282435571531
 20
1145.1091428726043
 10
6396.947645990944
 20
1140.448082014798
 10
6396.8043873250135
 20
1138.2123853666565
  0
LWPOLYLINE
  5
66
330
17
100
AcDbEntity
  8
0
100
AcDbPolyline
 90
119
 70
0
 10
6423.874789442731
 20
1538.309676857304
 10
6425.067060020712
 20
1530.7512257638205
 10
6427.550543489545
 20
1523.5152446701807
 10
6431.254044478424
 20
1516.8188153224798
 10
6436.061314699547
 20
1510.863844847511
 10
6441.829901756394
 20
1505.834717520349
 10
6448.380579938563
 20
1501.8779252921559
 10
6455.517415683622
 20
1499.1230544442844
 10
6463.028349326404
 20
1497.7614315024448
 10
6464.889760896453
 20
1497.827666819913
 10
6605.04159806407
 20
1512.0501203489996
 10
6711.50463427517
 20
1523.7557057196345
 10
6731.498090427625
 20
1527.1177860809128
 10
6773.642229076089
 20
1535.255274122639
 10
6831.492117560763
 20
1546.9816393511092
 10
6842.322483722903
 20
1549.8110492281928
 10
6846.0807926983325
 20
1552.0862221487819
 10
6850.891324099226
 20
1556.852158114349
 10
6852.76626621399
 20
1559.6809633081357
 10
6855.04599552333
 20
1564.940035751051
 10
6856.145099792053
 20
1570.5654868211498
 10
6856.012438672311
 20
1576.2960013792667
 10
6839.655047630427
 20
1698.1325007465703
 10
6840.477162559604
 20
1702.8901894698145
 10
6843.025843698671
 20
1708.9022356696107
 10
6846.851801146353
 20
1714.1938223570482
 10
6851.784960166522
 20
1718.9276716160814
 10
6857.310272948836
 20
1722.9544464257983
 10
6866.236051107323
 20
1727.741812543883
 10
6876.693729119224
 20
1732.3446346372898
 10
6881.234266509199
 20
1736.097447218846
 10
6884.154334994925
 20
1739.918749595339
 10
6886.225413965018
 20
1744.2592174187375
 10
6887.133136287524
 20
1748.2719070104295
 10
6887.323790244645
 20
1752.4217244523954
 10
6887.005140860318
 20
1756.6544573782464
 10
6882.713619797474
 20
1786.4203215035884
 10
6881.314994921963
 20
1801.480114123962
 10
6881.544875925951
 20
1807.149223517159
 10
6883.230382400986
 20
1811.042796242077
 10
6885.616839844435
 20
1814.550840504739
 10
6890.319103167922
 20
1818.8218473282789
 10
6893.131291546177
 20
1820.3253623302733
 10
6919.269718412195
 20
1826.7597749394897
 10
6932.107607778614
 20
1830.122891649432
 10
6936.800183078389
 20
1832.4119004849103
 10
6940.108583183672
 20
1835.0838799303685
 10
6942.832331213692
 20
1838.3499269040524
 10
6944.866842279183
 20
1842.0843040290197
 10
6946.17376827819
 20
1846.1072482501072
 10
6946.7680442138735
 20
1850.2951459623407
 10
6946.631975612267
 20
1854.522779769174
 10
6942.8381224348595
 20
1888.963806038942
 10
6938.236426124909
 20
1917.5696011238044
 10
6935.322029503625
 20
1928.6174952198296
 10
6932.518664290639
 20
1933.81285762557
 10
6928.663458519222
 20
1938.2835173518176
 10
6923.9367811680795
 20
1941.8202129769018
 10
6919.135200503852
 20
1944.04225207324
 10
6914.572814840986
 20
1945.076249532634
 10
6909.89566229035
 20
1945.170275847892
 10
6902.78283899602
 20
1943.9291959365476
 10
6874.258293751435
 20
1936.301858728127
 10
6847.639090181359
 20
1929.9759175847448
 10
6836.45827540097
 20
1928.6982118854723
 10
6830.5695534873075
 20
1929.3302106837457
 10
6824.930081061919
 20
1931.134984871071
 10
6822.274500806028
 20
1932.456902325455
 10
6815.297233961735
 20
1937.9252196557404
 10
6811.701269540407
 20
1942.6311406761652
 10
6809.117750127814
 20
1947.96476551619
 10
6807.600405488163
 20
1954.6653987071948
 10
6807.2548642481215
 20
1958.5922048364027
 10
6803.2175523432525
 20
1981.8097390945659
 10
6802.491466626809
 20
1984.1236029609074
 10
6800.745841723807
 20
1987.8015589226852
 10
6797.740349991127
 20
1991.7222362965797
 10
6793.902883705317
 20
1994.8331921087354
 10
6787.905130001938
 20
1997.5714412267746
 10
6783.07051011477
 20
1998.6488761572332
 10
6778.132945956497
 20
1999.0000005390928
 10
6773.190737182851
 20
1998.7064373973842
 10
6765.939740122032
 20
1997.1395005689235
 10
6747.747205378473
 20
1991.211227263308
 10
6724.7196518558085
 20
1985.205656443228
 10
6701.356856771723
 20
1980.6801146625526
 10
6670.633143360681
 20
1977.0978680115466
 10
6660.782100345155
 20
1975.911496786948
 10
6650.876704877392
 20
1975.3337309823035
 10
6631.043238047779
 20
1975.5883390578217
 10
6611.264523742735
 20
1977.2132177307635
 10
6580.879323732839
 20
1981.0752049087366
 10
6454.2295483506205
 20
1998.6271011202855
 10
6450.774129387849
 20
1999.0000005432132
 10
6444.622785959978
 20
1998.2988827031795
 10
6439.131649335534
 20
1996.7064966254065
 10
6436.494721142431
 20
1995.5970802604318
 10
6431.516987062394
 20
1992.7845320716867
 10
6428.0999451232565
 20
1990.1909572327731
 10
6425.008516106271
 20
1987.2163421688297
 10
6419.955187550535
 20
1980.300488702563
 10
6417.68930416271
 20
1975.3448314452728
 10
6416.983328221013
 20
1970.133080315581
 10
6417.096361278798
 20
1968.8166138395422
 10
6433.950252577503
 20
1839.6025582937673
 10
6434.3351752825965
 20
1830.168283682959
 10
6433.773110795301
 20
1825.5515721782815
 10
6432.37668581665
 20
1821.0532289615653
 10
6428.256171034535
 20
1813.9046987626123
 10
6425.993710836145
 20
1811.1767741651654
 10
6422.509223432427
 20
1807.994806591331
 10
6418.985946139077
 20
1806.2393826468078
 10
6407.768314008749
 20
1802.1579380992428
 10
6403.159290742081
 20
1798.4233509146206
 10
6400.357977865445
 20
1794.9453005795256
 10
6398.394423746433
 20
1790.9451188776309
 10
6397.342293399292
 20
1786.651960628373
 10
6396.804700597762
 20
1782.2215103482374
 10
6420.366664705686
 20
1568.7781881193662
  0
CIRCLE
  5
67
330
17
100
AcDbEntity
  8
0
100
AcDbCircle
 10
6492.850349248866
 20
1907.4780855665122
 30
0.0
 40
12.00000047683703
  0
CIRCLE
  5
68
330
17
100
AcDbEntity
  8
0
100
AcDbCircle
 10
6532.424591181953
 20
1566.9579583861855
 30
0.0
 40
12.00000047683719
  0
LWPOLYLINE
  5
69
330
17
100
AcDbEntity
  8
0
100
AcDbPolyline
 90
66
 70
0
 10
6534.781927152425
 20
0.999998857303523
 10
6984.85209865001
 20
0.9999989074984096
 10
6987.590869984964
 20
1.9789183886377566
 10
6990.114648154108
 20
3.4229086508279996
 10
6992.85899933656
 20
5.703591247884706
 10
6995.19532738884
 20
8.400678651138826
 10
6997.101661885885
 20
11.437709943902634
 10
6998.555501557785
 20
14.715511840224233
 10
6999.527187895061
 20
18.167113036833058
 10
6999.999999005013
 20
23.995241983318692
 10
6999.833484347053
 20
28.17765154728808
 10
6991.913154432921
 20
112.18115063162651
 10
6981.955578421461
 20
165.25009197462202
 10
6956.566045029527
 20
290.09307257502195
 10
6952.090042524392
 20
315.18215205727233
 10
6949.453382798686
 20
334.1233897991251
 10
6947.6134790172055
 20
357.4171765610898
 10
6947.663564939039
 20
393.01028350073716
 10
6948.4352554254465
 20
416.89157195776966
 10
6949.485233834261
 20
431.1931124475337
 10
6952.111519609021
 20
454.9598406279819
 10
6955.560639531894
 20
480.587063887702
 10
6961.488386996945
 20
529.6305881249432
 10
6980.347813485803
 20
717.6626737266458
 10
6983.142582802162
 20
749.8380342330869
 10
6982.4173881446295
 20
755.0692672077481
 10
6980.858096486938
 20
760.115143589347
 10
6977.127134688737
 20
767.0570020054711
 10
6971.941543950956
 20
772.9915336421201
 10
6968.8447069310605
 20
775.4577245459765
 10
6965.442562503917
 20
777.4821331144493
 10
6959.0754657964135
 20
779.7960219457656
 10
6956.284997231264
 20
780.0769018680986
 10
6731.0513558638895
 20
781.1774463393436
 10
6722.795704534647
 20
780.3086465697621
 10
6714.615779884878
 20
778.9172064805682
 10
6702.534373921669
 20
775.8990492413851
 10
6693.358772123099
 20
772.7849791958159
 10
6684.438660786742
 20
769.0020209465475
 10
6672.026553128531
 20
762.2930719088846
 10
6661.016420015883
 20
754.8063458125994
 10
6644.262119221794
 20
741.1289441028897
 10
6635.28786208508
 20
732.5409423237716
 10
6629.699933097321
 20
726.4007736801342
 10
6621.936173887741
 20
716.6551197660893
 10
6615.915902286476
 20
708.1999558080566
 10
6556.980213992299
 20
615.7412801089723
 10
6541.676600816383
 20
589.6801029852959
 10
6538.598632481199
 20
582.7178528620035
 10
6531.520156861751
 20
562.0572833080274
 10
6529.2569090535035
 20
552.6931868849474
 10
6527.725846142823
 20
543.1616638287621
 10
6525.884028484081
 20
523.8195733278817
 10
6522.259942030699
 20
498.85915259372655
 10
6515.151785936585
 20
417.8414283414527
 10
6506.046899745656
 20
310.8611183479418
 10
6503.916125834174
 20
272.4593292861032
 10
6499.390814439175
 20
75.26238218717559
 10
6501.274356523594
 20
37.42557653319035
 10
6503.286004090463
 20
29.467852985676952
 10
6504.497481741486
 20
26.201291991291168
 10
6507.564344526289
 20
19.962952031030657
 10
6511.3879814971915
 20
14.500558266500514
 10
6518.805127290698
 20
7.519485104253497
 10
6524.886347864143
 20
3.826534479874078
 10
6528.769551290696
 20
2.108784359472721
  0
LWPOLYLINE
  5
6A
330
17
100
AcDbEntity
  8
0
100
AcDbPolyline
 90
65
 70
0
 10
7000.000001152424
 20
1151.8498749947514
 10
7000.000000035478
 20
1508.9864290157032
 10
6997.500158458179
 20
1515.8543884658734
 10
6995.273557207256
 20
1520.1911855613407
 10
6988.47892342607
 20
1529.2859088534788
 10
6982.426007766573
 20
1534.6977734501852
 10
6976.274541672912
 20
1538.644459529564
 10
6968.189217741552
 20
1541.9743516115211
 10
6959.674168270472
 20
1543.9713415915276
 10
6951.465940019447
 20
1544.400790024962
 10
6942.227780388198
 20
1544.2503549256269
 10
6808.732097804729
 20
1541.3445642955355
 10
6803.228517973317
 20
1539.8209015813622
 10
6798.092891405471
 20
1537.3237560559057
 10
6793.4958562685015
 20
1533.935799612899
 10
6790.301061905449
 20
1530.6558771965429
 10
6785.070169229461
 20
1523.0652223281638
 10
6779.45870953896
 20
1513.2224507923388
 10
6776.606498256515
 20
1510.6064452504909
 10
6771.587077353277
 20
1507.721600854359
 10
6767.966494959674
 20
1506.3827077804838
 10
6626.261101732105
 20
1505.483462544106
 10
6621.867751397385
 20
1504.003063461608
 10
6617.780378816635
 20
1501.8151628914427
 10
6612.467054345223
 20
1497.3443989708612
 10
6608.423113001345
 20
1491.6992820622313
 10
6605.899301778569
 20
1485.2302134704237
 10
6605.142777200991
 20
1480.6561988128346
 10
6608.306585530083
 20
1165.435212797387
 10
6610.661104406321
 20
1158.6899386164896
 10
6612.262428698343
 20
1156.0697176334845
 10
6614.892999598522
 20
1152.9344228431105
 10
6619.737132146174
 20
1149.1784246581874
 10
6623.428785440172
 20
1147.4116490570798
 10
6625.37397810209
 20
1146.7703238373947
 10
6775.061599802509
 20
1147.8436176967275
 10
6780.517201148725
 20
1146.479279845164
 10
6785.247582863087
 20
1144.0862737455102
 10
6789.387410198384
 20
1140.7749833071002
 10
6792.707923646696
 20
1136.6255318580636
 10
6794.965255674357
 20
1131.814223395453
 10
6795.977350974692
 20
1126.5894626401277
 10
6795.970653546819
 20
1123.922933949354
 10
6792.765284382102
 20
1111.3552364389589
 10
6792.602876953786
 20
1107.90121011166
 10
6793.113777135421
 20
1102.7432256000086
 10
6793.950633063655
 20
1099.388093559598
 10
6797.439330754677
 20
1092.0587078149824
 10
6801.347721835753
 20
1087.6404367390112
 10
6803.679363404277
 20
1085.8250354017985
 10
6807.553783803689
 20
1083.685835814325
 10
6811.751285888369
 20
1082.2696653684166
 10
6817.217771391381
 20
1081.451691117102
 10
6822.991105368428
 20
1081.1864685548012
 10
6935.61048971649
 20
1082.7936945020178
 10
6945.7859559919625
 20
1083.9423694132263
 10
6952.634457055733
 20
1085.6175531234308
 10
6961.040535383809
 20
1088.7691483085327
 10
6968.985938294098
 20
1092.948402825139
 10
6976.345543387337
 20
1098.0894566078966
 10
6982.97756245245
 20
1104.1228873615144
 10
6988.65278921667
 20
1111.0488508116493
 10
6993.2145745938615
 20
1118.7592867686183
 10
6996.3994398523
 20
1127.1376485259952
 10
6998.330518937306
 20
1136.5540549655063
  0
CIRCLE
  5
6B
330
17
100
AcDbEntity
  8
0
100
AcDbCircle
 10
5150.999999880791
 20
942.7536664416518
 30
0.0
 40
6.999999880790653
  0
CIRCLE
  5
6C
330
17
100
AcDbEntity
  8
0
100
AcDbCircle
 10
5160.601950534477
 20
1953.858933301172
 30
0.0
 40
6.999999880790613
  0
CIRCLE
  5
6D
330
17
100
AcDbEntity
  8
0
100
AcDbCircle
 10
5159.341267650714
 20
944.805668394777
 30
0.0
 40
6.999999880790653
  0
CIRCLE
  5
6E
330
17
100
AcDbEntity
  8
0
100
AcDbCircle
 10
5163.508237911944
 20
1955.7759712650395
 30
0.0
 40
6.999999880790692
  0
LWPOLYLINE
  5
6F
330
17
100
AcDbEntity
  8
0
100
AcDbPolyline
 90
73
 70
0
 10
7655.641801384751
 20
1350.044682119767
 10
7656.1497855461275
 20
1358.93475780336
 10
7655.895783928696
 20
1366.5546918853915
 10
7654.625794915024
 20
1372.6507307037507
 10
7651.831796196762
 20
1377.9847455963293
 10
7648.275792626206
 20
1382.556736563126
 10
7643.1957984245455
 20
1386.6207624420315
 10
7638.877790001694
 20
1388.144810293595
 10
7385.131795433823
 20
1396.272709463517
 10
7380.305783776108
 20
1395.5106855377346
 10
7375.479810265366
 20
1394.240696524064
 10
7371.161801842514
 20
1392.462742422501
 10
7366.843793419663
 20
1389.922764395157
 10
7359.985806969467
 20
1385.0967145904701
 10
7356.683805016342
 20
1381.794712637345
 10
7353.889806298081
 20
1378.2388044342201
 10
7348.301808861557
 20
1367.316715811173
 10
7343.475797203842
 20
1356.1407209381257
 10
7336.363790062729
 20
1335.8207441314853
 10
7325.949780968491
 20
1308.8967634185947
 10
7305.121800926987
 20
1266.9868207916418
 10
7291.151807335678
 20
1251.7468000396893
 10
7274.387815026108
 20
1235.9988141998451
 10
7265.243756798569
 20
1228.632786367814
 10
7248.733823326889
 20
1218.2188154205478
 10
7221.555783776108
 20
1203.9947248443762
 10
7214.189755944077
 20
1198.9147687896893
 10
7208.093793419663
 20
1193.5807538971096
 10
7202.505795983139
 20
1187.738773916642
 10
7194.377820519272
 20
1177.8327680572668
 10
7191.075818566147
 20
1171.7367292389072
 10
7188.535764244858
 20
1165.6406904205476
 10
7184.471814659897
 20
1150.9087873443757
 10
7177.74976509754
 20
1106.6079385758724
 10
7173.29581978685
 20
1071.152775381485
 10
7169.485776451889
 20
1031.020786856095
 10
7166.6918158806
 20
990.8887983307038
 10
7164.323502419221
 20
930.4014459025765
 10
7164.405820397202
 20
902.7506757721095
 10
7166.43775704271
 20
833.9167524322661
 10
7168.977811363999
 20
796.0706830963288
 10
7174.311826256577
 20
735.618717764298
 10
7175.581815270249
 20
729.2687726959387
 10
7178.629758385483
 20
720.1247907623446
 10
7182.693784264389
 20
713.2667280182038
 10
7188.281781700913
 20
705.9007001861727
 10
7194.123761681381
 20
700.5666852935947
 10
7201.235806969467
 20
696.5028120025785
 10
7206.5698218620455
 20
694.4707990631258
 10
7211.903760460678
 20
693.2008100494531
 10
7220.793759850327
 20
691.6767621978915
 10
7226.889798668686
 20
691.4227033600006
 10
7243.145825890366
 20
691.6767621978915
 10
7531.943776634995
 20
691.6767621978918
 10
7565.471799401108
 20
692.6926923736727
 10
7570.551793602768
 20
693.9626813873446
 10
7574.361798790756
 20
695.4867292389068
 10
7578.679807213608
 20
698.0267072662506
 10
7584.521787194077
 20
702.3447919830481
 10
7588.58577492601
 20
706.6627241119536
 10
7592.141797570053
 20
712.2507978424231
 10
7594.427793053452
 20
719.3627668365632
 10
7595.443799523178
 20
809.2786909088292
 10
7598.745801476303
 20
960.4087568267975
 10
7600.556668647994
 20
1003.6507530907865
 10
7603.571794060532
 20
1040.418675039689
 10
7609.4689344926355
 20
1094.790081700095
 10
7613.7318015373385
 20
1126.778690908829
 10
7620.335786370102
 20
1167.6727033600005
 10
7627.329567284308
 20
1218.8671248141763
 10
7633.035790947739
 20
1251.238682363907
 10
7639.8937964714205
 20
1285.528690908829
 10
7647.259786156479
 20
1317.5327802642978
  0
LWPOLYLINE
  5
70
330
17
100
AcDbEntity
  8
0
100
AcDbPolyline
 90
16
 70
0
 10
7231.969754723374
 20
744.5087934478912
 10
7232.223813561264
 20
742.7306867584387
 10
7234.255826500717
 20
739.1747785553134
 10
7237.557828453842
 20
737.3966718658595
 10
7241.367795494858
 20
737.3966718658595
 10
7244.669797447983
 20
739.1747785553134
 10
7246.701810387436
 20
742.7306867584387
 10
7246.955792931381
 20
744.5087934478912
 10
7246.701810387436
 20
746.5408063873446
 10
7245.939786461655
 20
748.3187604889068
 10
7243.145825890366
 20
751.1127973541415
 10
7239.58976509935
 20
752.1287275299225
 10
7237.557828453842
 20
751.8748212799225
 10
7235.779798058335
 20
751.1127973541415
 10
7232.9857611931
 20
748.3187604889062
 10
7232.223813561264
 20
746.5408063873446
  0
LWPOLYLINE
  5
71
330
17
100
AcDbEntity
  8
0
100
AcDbPolyline
 90
19
 70
0
 10
7519.497792748276
 20
742.2227216705478
 10
7519.751775292221
 20
740.1907087310946
 10
7521.529805687729
 20
736.88870677797
 10
7523.053777245346
 20
735.6187177642981
 10
7524.831807640854
 20
734.8566938385167
 10
7526.863782433335
 20
734.6027875885167
 10
7528.895795372788
 20
734.8566938385167
 10
7530.673787621323
 20
735.6187177642981
 10
7533.467786339585
 20
738.4127546295316
 10
7534.229810265366
 20
740.1907087310946
 10
7534.229810265366
 20
744.0006757721101
 10
7533.467786339585
 20
745.7787824615633
 10
7530.673787621323
 20
748.5728193267981
 10
7528.895795372788
 20
749.3346906646885
 10
7526.863782433335
 20
749.5887495025783
 10
7524.831807640854
 20
749.3346906646885
 10
7523.053777245346
 20
748.5728193267981
 10
7521.529805687729
 20
747.3026777252347
 10
7519.751775292221
 20
744.0006757721095
  0
LWPOLYLINE
  5
72
330
17
100
AcDbEntity
  8
0
100
AcDbPolyline
 90
74
 70
0
 10
7232.73181038475
 20
1643.9079901000005
 10
7233.098906304615
 20
1616.6042634969015
 10
7232.477808767319
 20
1564.9140020628913
 10
7233.493815237045
 20
1556.024078967188
 10
7237.049799734116
 20
1538.7520452757813
 10
7240.09780006981
 20
1529.354004504297
 10
7243.907805257797
 20
1520.210022570703
 10
7251.781798177721
 20
1507.509979846094
 10
7255.083800130845
 20
1503.4459539671882
 10
7261.687804037094
 20
1496.8419500609384
 10
7269.8158081111915
 20
1489.7299810667973
 10
7282.515803152084
 20
1480.5859991332034
 10
7362.017808729172
 20
1446.295990588281
 10
7371.415806585313
 20
1441.470093371484
 10
7383.861807161332
 20
1430.8020635863284
 10
7389.195805364609
 20
1424.9600836058587
 10
7392.75180655098
 20
1420.134033801172
 10
7399.355805688859
 20
1409.973969103906
 10
7403.419806533813
 20
1405.401978137109
 10
7409.261806779861
 20
1400.322022082422
 10
7412.817806178094
 20
1398.2900091429692
 10
7419.929806390166
 20
1396.2579962035163
 10
7424.755806499481
 20
1396.004089953516
 10
7448.885806375503
 20
1396.765961291406
 10
7473.015805059433
 20
1398.035950305078
 10
7496.891804510116
 20
1399.814056994531
 10
7525.237261120787
 20
1402.9256534032193
 10
7560.899802022935
 20
1408.1960150023438
 10
7568.26581078148
 20
1410.228027941797
 10
7575.37780838585
 20
1412.7680059691415
 10
7593.919802480698
 20
1423.1819769164065
 10
7606.111803823471
 20
1433.087982775781
 10
7616.779814535142
 20
1444.7720953246092
 10
7621.605807119369
 20
1451.375946642969
 10
7628.20981102562
 20
1463.313965441797
 10
7631.511812978745
 20
1473.7280889769531
 10
7634.5598133144385
 20
1487.4440618773444
 10
7632.527800374985
 20
1581.1699529906252
 10
7633.289805227279
 20
1593.1079717894531
 10
7635.0677974758155
 20
1600.9819647093752
 10
7638.3697994289405
 20
1607.8400274535163
 10
7649.545813375473
 20
1622.3180242796882
 10
7654.879809194565
 20
1632.731995226953
 10
7656.1497982082365
 20
1638.0660101195313
 10
7656.1497982082365
 20
1641.875977160547
 10
7655.64181404686
 20
1645.6859442015632
 10
7653.783125387285
 20
1679.8393121119493
 10
7651.069804006577
 20
1707.9160162230473
 10
7646.751814657211
 20
1740.4280706664065
 10
7646.243811422348
 20
1777.003998400781
 10
7647.767802053451
 20
1851.1720892210942
 10
7650.05379753685
 20
1892.0659490843752
 10
7655.133810811996
 20
1960.9000250121096
 10
7654.879809194565
 20
1969.028076769922
 10
7653.863802724838
 20
1975.1239630003913
 10
7652.3398120937345
 20
1980.7120367308596
 10
7650.05379753685
 20
1985.029968859766
 10
7644.211798482895
 20
1991.8880316039063
 10
7638.36979942894
 20
1995.4440923949226
 10
7630.495806509018
 20
1997.9840704222663
 10
7618.359136043666
 20
1998.7040034180254
 10
7577.663803869247
 20
1999.000000598047
 10
7269.815808111191
 20
1999.000000598047
 10
7251.01981239891
 20
1998.4920355101565
 10
7244.923811727524
 20
1997.2220464964842
 10
7241.113806539535
 20
1995.6979986449226
 10
7232.223807149887
 20
1990.6180425902344
 10
7224.603815847397
 20
1982.9979559203127
 10
7221.809798055649
 20
1978.1720587035163
 10
7220.031805807113
 20
1970.551972033595
 10
7216.729803853989
 20
1747.0320745726563
 10
7217.237807088853
 20
1740.681976916406
 10
7218.507815176011
 20
1734.5860906859382
 10
7227.143812948228
 20
1678.4520574828132
  0
LWPOLYLINE
  5
73
330
17
100
AcDbEntity
  8
0
100
AcDbPolyline
 90
17
 70
0
 10
7591.887808614731
 20
1952.2640081664067
 10
7591.633806997299
 20
1954.2960211058592
 10
7590.871802145004
 20
1956.073975207422
 10
7588.077803426742
 20
1958.8680120726565
 10
7586.299811178207
 20
1959.6300359984384
 10
7584.267798238754
 20
1959.8840948363281
 10
7582.235804372787
 20
1959.6300359984384
 10
7580.457802587509
 20
1958.8680120726565
 10
7578.933802419662
 20
1957.5980230589846
 10
7577.155810171127
 20
1954.2960211058592
 10
7577.155810171127
 20
1950.4860540648444
 10
7578.933802419662
 20
1946.9299932738281
 10
7582.235804372787
 20
1945.1520391722663
 10
7584.267798238754
 20
1944.8979803343748
 10
7586.299811178207
 20
1945.1520391722663
 10
7589.601813131332
 20
1946.9299932738281
 10
7590.871802145004
 20
1948.454041125391
  0
LWPOLYLINE
  5
74
330
17
100
AcDbEntity
  8
0
100
AcDbPolyline
 90
15
 70
0
 10
7303.089810186386
 20
1951.7560430785163
 10
7302.835808568954
 20
1953.7880560179694
 10
7301.057806783676
 20
1957.0900579710947
 10
7299.533806615829
 20
1958.3600469847659
 10
7295.723810964584
 20
1959.3759771605476
 10
7293.691807561874
 20
1959.1220709105473
 10
7291.913805776596
 20
1958.3600469847659
 10
7289.119807058334
 20
1955.566010119531
 10
7288.357802206039
 20
1953.7880560179694
 10
7288.357802206039
 20
1949.9780889769534
 10
7290.389805608749
 20
1946.4220281859384
 10
7293.691807561874
 20
1944.6440740843748
 10
7297.501803213119
 20
1944.6440740843748
 10
7301.057806783676
 20
1946.4220281859384
 10
7302.835808568954
 20
1949.9780889769534
  0
LWPOLYLINE
  5
75
330
17
100
AcDbEntity
  8
0
100
AcDbPolyline
 90
42
 70
0
 10
7640.655804384751
 20
335.4371216476675
 10
7636.591797579331
 20
337.21515204317586
 10
7632.273798693222
 20
338.2311585129016
 10
7614.493799913926
 20
341.27917792208183
 10
7601.285801638169
 20
346.10515143282373
 10
7595.697804201645
 20
349.66113592989444
 10
7578.425799120469
 20
365.4091217697377
 10
7575.123797167344
 20
367.18715216524606
 10
7571.821804750962
 20
367.69511725313714
 10
7277.181807268662
 20
369.2191651046987
 10
7269.561796892685
 20
368.4571411789172
 10
7264.735804308457
 20
366.9331696213005
 10
7257.11579393248
 20
363.8851502121208
 10
7252.289801348252
 20
360.8371308029405
 10
7248.733797777695
 20
357.7891113937615
 10
7245.939799059433
 20
354.2331268966908
 10
7244.161806810898
 20
349.40715338594885
 10
7243.907805193467
 20
343.81915594942546
 10
7243.145800341172
 20
93.62918402559708
 10
7243.399801958603
 20
88.29516913301859
 10
7244.161806810898
 20
82.96115424044075
 10
7246.447802294297
 20
75.34114386446404
 10
7249.749804247422
 20
68.48315741426879
 10
7253.813791979355
 20
62.64117743380051
 10
7258.893805254502
 20
57.05317999727713
 10
7264.227801073594
 20
52.989154118370536
 10
7273.879805315537
 20
49.68715216524605
 10
7283.785792101426
 20
47.90912176973756
 10
7615.509796846909
 20
48.16318060762873
 10
7622.875805605454
 20
48.67114569551913
 10
7629.479799974961
 20
50.44917609102695
 10
7635.321799028916
 20
53.243136662316125
 10
7640.401802767319
 20
56.54513861544135
 10
7651.069803942246
 20
65.4351380050892
 10
7653.101797808213
 20
67.7211334884881
 10
7654.625807512803
 20
70.26111151583186
 10
7655.641794909043
 20
73.05514838106595
 10
7656.149798143906
 20
76.61113287813598
 10
7656.149798143906
 20
312.57716681368345
 10
7655.133791674179
 20
318.41914679415174
 10
7653.355799425644
 20
323.49917914278467
 10
7647.259798754258
 20
330.61114813692615
  0
LWPOLYLINE
  5
76
330
17
100
AcDbEntity
  8
0
100
AcDbPolyline
 90
39
 70
0
 10
7252.035781384751
 20
652.6068581802414
 10
7245.939818860337
 20
645.4948128921558
 10
7244.161788464829
 20
640.6688393814131
 10
7243.145781995103
 20
634.5728005630539
 10
7243.145781995103
 20
398.86082546539757
 10
7243.653823376939
 20
395.050858424382
 10
7244.669829846665
 20
392.25682155914785
 10
7247.97183179979
 20
387.4308480484053
 10
7258.893844128892
 20
378.54084865875683
 10
7263.719817639634
 20
375.2388467056322
 10
7269.561797620103
 20
372.4448098403975
 10
7276.419784070298
 20
370.9208382827807
 10
7288.865844250962
 20
370.15881435699936
 10
7615.509826184556
 20
370.1588143569994
 10
7625.415812970445
 20
371.6828622085616
 10
7634.813815594956
 20
374.9848641616868
 10
7640.40181303148
 20
379.3028725845383
 10
7645.48180723314
 20
384.6368111831713
 10
7649.54581403856
 20
390.47886745758507
 10
7652.593814374253
 20
397.33685390778095
 10
7654.879809857652
 20
404.95686428375694
 10
7655.895816327378
 20
410.29080288239
 10
7656.149798871324
 20
415.6248177749678
 10
7655.387813092515
 20
665.8148659927416
 10
7654.879809857652
 20
671.402863429265
 10
7653.10179853563
 20
676.2288369400069
 10
7650.561801434799
 20
679.7848214370777
 10
7646.751815320298
 20
683.0868233902028
 10
7641.925803662582
 20
685.8808602554369
 10
7629.73380231981
 20
690.452851222234
 10
7622.11381101732
 20
691.21479885407
 10
7324.171821118638
 20
689.4368447525069
 10
7320.869819165513
 20
687.4048318130535
 10
7303.597823621079
 20
671.6568459732097
 10
7298.009826184556
 20
668.1008614761397
 10
7292.421828748032
 20
665.814865992742
 10
7284.801818372056
 20
663.2748116714529
 10
7262.703811169907
 20
659.4648446304367
 10
7258.639785291001
 20
657.4328316909833
  0
LWPOLYLINE
  5
77
330
17
100
AcDbEntity
  8
0
100
AcDbPolyline
 90
103
 70
0
 10
8243.149648384751
 20
1280.7998491000003
 10
8240.649648384751
 20
1338.6998582552733
 10
8241.749644951524
 20
1355.2998948763675
 10
8243.749643044175
 20
1367.7998948763675
 10
8250.849643425645
 20
1382.6998735140623
 10
8263.14964361638
 20
1397.0998979281253
 10
8287.34964437932
 20
1413.6998582552733
 10
8292.249644474687
 20
1418.6998582552733
 10
8296.049645619096
 20
1423.8999009798833
 10
8298.349643425645
 20
1432.1998429964844
 10
8299.149645046891
 20
1446.9998765658204
 10
8298.849645332994
 20
1458.5998368929684
 10
8296.249645428361
 20
1489.5998979281253
 10
8294.049645142259
 20
1499.1998887728514
 10
8291.549645142259
 20
1512.4999070833983
 10
8289.84964437932
 20
1517.7998948763675
 10
8279.649644570054
 20
1539.6999192904293
 10
8271.04964323491
 20
1553.3998704623043
 10
8266.44964285344
 20
1558.0998826693365
 10
8264.749646858872
 20
1562.1999192904293
 10
8257.649646477403
 20
1903.8999009798833
 10
8258.049646095933
 20
1916.3999009798833
 10
8255.349646286668
 20
1935.8998704623043
 10
8255.24964399785
 20
1947.4999070833985
 10
8257.849646286668
 20
1956.0999131869146
 10
8266.84964247197
 20
1973.5999131869146
 10
8267.449646668138
 20
1980.7999253939454
 10
8267.449646668138
 20
1986.8999314974615
 10
8265.849643425645
 20
1994.9999070833985
 10
8261.44964285344
 20
1998.9998460482427
 10
8137.449651436508
 20
1994.7998643587896
 10
7981.449647621811
 20
1983.9998460482427
 10
7877.649636940659
 20
1969.8998094271483
 10
7568.149629311265
 20
1911.2998033236333
 10
7558.349672035874
 20
1901.6998887728516
 10
7551.649614052476
 20
1890.1997972201177
 10
7548.949647621812
 20
1877.8998399447266
 10
7555.54960794896
 20
1786.5997911166014
 10
7563.849626259507
 20
1771.2998033236331
 10
7576.649614052476
 20
1760.9998155306644
 10
7600.949617104234
 20
1751.0999131869144
 10
7633.549638466538
 20
1739.7998643587894
 10
7650.849672035874
 20
1721.6998887728514
 10
7651.849656777085
 20
1675.1997972201175
 10
7650.849672035874
 20
1668.4998155306644
 10
7644.349656777085
 20
1657.7998948763675
 10
7641.449647621812
 20
1645.0998521517583
 10
7641.149659828843
 20
1637.3998094271483
 10
7645.74965067357
 20
1623.2999253939454
 10
7651.349626259507
 20
1610.2998948763675
 10
7661.94967813939
 20
1601.5997911166014
 10
7697.949662880601
 20
1595.0998521517583
 10
7737.049661354722
 20
1606.9998765658204
 10
7794.649644570054
 20
1619.0997911166014
 10
7873.149629311265
 20
1610.9998155306644
 10
7904.249635414781
 20
1605.0998521517583
 10
7912.349649147691
 20
1601.2998033236333
 10
7918.549638466538
 20
1591.8999314974615
 10
7924.049630837144
 20
1565.6998277376954
 10
7922.64963694066
 20
1504.0997911166014
 10
7918.449655251206
 20
1474.9998307894534
 10
7914.049630837144
 20
1466.1998582552733
 10
7905.449662880601
 20
1461.5998674105474
 10
7857.5496537253275
 20
1454.7998643587894
 10
7849.249635414781
 20
1448.4998918246094
 10
7846.349626259507
 20
1442.9998613070313
 10
7841.149659828843
 20
1273.8999009798833
 10
7840.304971413316
 20
1273.8854051302733
 10
7839.363122658433
 20
1266.5633989046873
 10
7844.953370766343
 20
1248.5800004671873
 10
7856.093049721421
 20
1237.6183915804684
 10
7881.027322487535
 20
1227.0552659701173
 10
7897.144227699937
 20
1217.201445169336
 10
7904.343743996324
 20
1208.0550218294923
 10
7915.449472145738
 20
1143.1801438998048
 10
7913.972154335679
 20
1128.2446122835938
 10
7909.285226540269
 20
1118.3409715365235
 10
7897.200074867906
 20
1108.2771897982423
 10
7786.9174439474955
 20
1087.7872300814454
 10
7765.257135109605
 20
1085.7182145785157
 10
7741.109910683335
 20
1078.3942247103516
 10
7709.365640358628
 20
1061.603758401758
 10
7651.190477089585
 20
1022.8364396761717
 10
7603.905091957749
 20
993.9069963167967
 10
7584.783845619859
 20
976.1893296908202
 10
7572.527986244859
 20
955.5193925570311
 10
7567.570481972398
 20
935.0073838900389
 10
7563.911882118882
 20
803.5975099276366
 10
7565.800767616929
 20
785.6341767977538
 10
7579.501634316148
 20
762.6251054476561
 10
7608.006425575913
 20
748.8384080599608
 10
7654.418473915757
 20
739.5400071810545
 10
7680.0838334128275
 20
736.7944932650389
 10
7697.446351723374
 20
729.4682908724608
 10
7711.755471901597
 20
724.5766282748045
 10
8000.710206703843
 20
715.9242082308592
 10
8254.790688233079
 20
728.8225007723632
 10
8263.074093537034
 20
734.302923745996
 10
8268.021498398484
 20
741.4116121004882
 10
8267.564168648423
 20
753.3045411776367
 10
8263.711476998033
 20
760.3228212069336
 10
8256.731386856736
 20
768.5737825106445
 10
8253.811412529649
 20
778.7130189608398
  0
CIRCLE
  5
78
330
17
100
AcDbEntity
  8
0
100
AcDbCircle
 10
8186.979566292466
 20
1078.3942247103516
 30
0.0
 40
11.00000023841858
  0
CIRCLE
  5
79
330
17
100
AcDbEntity
  8
0
100
AcDbCircle
 10
8186.979566292466
 20
809.4255281161132
 30
0.0
 40
11.00000023841858
  0
CIRCLE
  5
7A
330
17
100
AcDbEntity
  8
0
100
AcDbCircle
 10
8179.649644570053
 20
1891.5997911166016
 30
0.0
 40
11.00000023841858
  0
CIRCLE
  5
7B
330
17
100
AcDbEntity
  8
0
100
AcDbCircle
 10
8186.449647621812
 20
1624.9999070833983
 30
0.0
 40
11.00000023841858
  0
LWPOLYLINE
  5
7C
330
17
100
AcDbEntity
  8
0
100
AcDbPolyline
 90
1229
 70
0
 10
8918.750307384751
 20
1908.2137451000003
 10
8918.726205724983
 20
1911.5166741239805
 10
8918.686381911562
 20
1914.8277244986848
 10
8918.60684756869
 20
1918.140771532421
 10
8918.463614320566
 20
1921.4496905334954
 10
8918.232693791395
 20
1924.7483568102152
 10
8917.979311291001
 20
1927.2838134593753
 10
8917.911440197251
 20
1927.8380126781253
 10
8917.503973388983
 20
1930.315843236333
 10
8917.238009172397
 20
1931.5442890855206
 10
8916.930151466142
 20
1932.7628097748127
 10
8916.580095559184
 20
1933.9691961492451
 10
8916.280824962876
 20
1934.8907470531253
 10
8915.925600353501
 20
1935.8443603343753
 10
8914.518322184262
 20
1938.467868138362
 10
8912.652277106215
 20
1940.7838025018666
 10
8910.415983673438
 20
1942.7713135726951
 10
8907.897960439997
 20
1944.4095514986536
 10
8903.017641369126
 20
1946.3902587718753
 10
8902.453920666001
 20
1946.5330810375003
 10
8902.081856784727
 20
1946.618628823318
 10
8901.70817646491
 20
1946.698021980958
 10
8901.333153946478
 20
1946.7714814259157
 10
8900.957063469357
 20
1946.8392280736884
 10
8900.580179273473
 20
1946.901482839772
 10
8900.288881603501
 20
1946.9459228343753
 10
8898.175112072251
 20
1947.1707763500003
 10
8894.471987072251
 20
1947.3260497875003
 10
8876.855285222686
 20
1947.4101765294472
 10
8859.23171120395
 20
1947.3399227658242
 10
8841.605165317225
 20
1947.1460186039571
 10
8823.979547863688
 20
1946.859194151171
 10
8806.358759144512
 20
1946.5101795147923
 10
8792.762514416001
 20
1946.2176513500003
 10
8767.305899701441
 20
1945.6395423536237
 10
8741.83203954557
 20
1945.0992589554048
 10
8716.34993815931
 20
1944.7189598070734
 10
8690.868599753585
 20
1944.620803560358
 10
8665.397028539315
 20
1944.9269488669877
 10
8645.747133556626
 20
1945.5169677562503
 10
8645.207582775376
 20
1945.5408935375003
 10
8643.817043979041
 20
1945.6205497734284
 10
8642.425117010149
 20
1945.7103520847052
 10
8641.03287597508
 20
1945.8096301070652
 10
8639.641394980208
 20
1945.917713476244
 10
8638.25174813192
 20
1946.0339318279766
 10
8637.180971447251
 20
1946.1287841625003
 10
8636.678285900376
 20
1946.1795654125003
 10
8633.338547259413
 20
1946.6920336205553
 10
8630.040252124738
 20
1947.409520362029
 10
8626.777489102375
 20
1948.2860675958962
 10
8623.544346798353
 20
1949.2757172811312
 10
8620.334913818702
 20
1950.3325113767087
 10
8617.869936291001
 20
1951.1651611156253
 10
8616.799379650376
 20
1951.5750732250003
 10
8612.133608166001
 20
1954.8070068187503
 10
8610.999330822251
 20
1956.1204833812503
 10
8607.221498791001
 20
1963.2025146312503
 10
8605.805538264407
 20
1967.8322839798034
 10
8604.518055266582
 20
1972.50498109801
 10
8603.296568800928
 20
1977.1999541958462
 10
8602.078597870843
 20
1981.8965514832862
 10
8600.801661479725
 20
1986.574121170306
 10
8599.736147228501
 20
1990.1588134593753
 10
8599.509091627007
 20
1990.9375166022924
 10
8599.290518351841
 20
1991.744062180679
 10
8599.065869833568
 20
1992.5598171150818
 10
8598.820588502753
 20
1993.3661483260457
 10
8598.540116789962
 20
1994.1444227341162
 10
8598.290346447251
 20
1994.7142333812503
 10
8597.891946381515
 20
1995.3346829737502
 10
8597.298714218767
 20
1996.022537719085
 10
8596.592472488208
 20
1996.7195825750678
 10
8595.855043719033
 20
1997.3676024995107
 10
8595.168250440443
 20
1997.9083824502272
 10
8594.724428478501
 20
1998.2156982250003
 10
8594.301332775376
 20
1998.3843993968753
 10
8593.561682166408
 20
1998.4992483399596
 10
8592.808391863287
 20
1998.5744096073563
 10
8592.049894743757
 20
1998.6371167473283
 10
8591.294623685557
 20
1998.7146033081367
 10
8590.55101156643
 20
1998.8341028380444
 10
8589.990297619126
 20
1998.9722900218753
 10
8589.964052501939
 20
1998.9829101390628
 10
8589.95808805088
 20
1998.9859381380736
 10
8589.954557546007
 20
1998.988826143744
 10
8589.955935925049
 20
1998.9931937979065
 10
8589.965120298173
 20
1998.995257254501
 10
8589.969179455064
 20
1998.9956054515628
 10
8589.976579255432
 20
1998.995931412173
 10
8589.98144116707
 20
1998.995864656396
 10
8589.981959351044
 20
1998.9945882153659
 10
8589.97352239696
 20
1998.9924920156336
 10
8589.938539806626
 20
1998.9857177562503
 10
8589.576472668072
 20
1998.9337894944535
 10
8589.071311627622
 20
1998.8649667437064
 10
8588.503942228062
 20
1998.805005203778
 10
8587.955250012172
 20
1998.779660574437
 10
8587.506120522732
 20
1998.8146885554527
 10
8587.278627697251
 20
1998.8992919750003
 10
8587.304506603501
 20
1998.9045409984378
 10
8587.309295728679
 20
1998.9054502451181
 10
8587.33317937658
 20
1998.9091784864304
 10
8587.345943293818
 20
1998.9106444070658
 10
8587.356264416001
 20
1998.9114990062503
 10
8587.359375964128
 20
1998.9116845767687
 10
8587.360183460794
 20
1998.911598538496
 10
8587.353125357598
 20
1998.9109141748918
 10
8587.335568622959
 20
1998.9093949297935
 10
8587.312441173814
 20
1998.9074706859378
 10
8587.242739025376
 20
1998.9017333812503
 10
8586.508147964141
 20
1998.861385246401
 10
8585.77277935521
 20
1998.832565345404
 10
8585.036998851814
 20
1998.810093590758
 10
8584.301172107189
 20
1998.788789894961
 10
8583.56566477457
 20
1998.7634741705115
 10
8582.998354259751
 20
1998.7379150218753
 10
8569.963975581306
 20
1998.0834709030569
 10
8556.926513708393
 20
1997.4524545182944
 10
8543.887370311744
 20
1996.8379108383392
 10
8530.847947062099
 20
1996.232884833943
 10
8524.328568514506
 20
1995.931767513439
 10
8511.291353617991
 20
1995.3279773425397
 10
8507.686830822251
 20
1995.1607665843753
 10
8505.478108668955
 20
1994.6119006206127
 10
8503.174842703287
 20
1993.7744324182288
 10
8500.91847216737
 20
1992.660245707375
 10
8498.850436303324
 20
1991.2812242182013
 10
8497.11217435327
 20
1989.649251680859
 10
8496.085268322251
 20
1988.2239990062503
 10
8495.848696056626
 20
1987.7506103343753
 10
8494.562237158663
 20
1984.9637159450258
 10
8493.257075552556
 20
1982.1329378219048
 10
8491.991982378117
 20
1979.2634179636361
 10
8490.825728775164
 20
1976.360298368842
 10
8489.817085883513
 20
1973.4287210361456
 10
8489.183412853501
 20
1971.1495361156253
 10
8488.422456215803
 20
1968.083160194477
 10
8487.605844776645
 20
1965.0904850503975
 10
8486.65268537547
 20
1962.1788618369742
 10
8485.482084851716
 20
1959.355641707793
 10
8484.013150044828
 20
1956.6281758164416
 10
8482.624086681626
 20
1954.5928954906253
 10
8482.162416759751
 20
1953.9207763500003
 10
8477.917007279733
 20
1947.9755002249062
 10
8473.053014100247
 20
1942.712541986246
 10
8467.724613384447
 20
1937.9441996398436
 10
8462.085981295488
 20
1933.4827711915236
 10
8456.291293996523
 20
1929.14055464711
 10
8451.808901134751
 20
1925.7515868968753
 10
8451.277822513704
 20
1925.3631943803052
 10
8450.70525494715
 20
1924.966229995021
 10
8450.121555271402
 20
1924.5561230755798
 10
8449.557080322777
 20
1924.1283029565393
 10
8449.042186937586
 20
1923.6781989724568
 10
8448.697817150376
 20
1923.3126220531253
 10
8448.737612072251
 20
1923.3477783031253
 10
8448.747167168556
 20
1923.356277067871
 10
8448.75373479371
 20
1923.3622155917246
 10
8448.756716918886
 20
1923.3651158258285
 10
8448.7525293806
 20
1923.3618544821306
 10
8448.742128673814
 20
1923.3531493968753
 10
8448.706850353501
 20
1923.3233642406253
 10
8440.37484875591
 20
1916.3698129966606
 10
8432.031306762752
 20
1909.429707260407
 10
8423.681084514948
 20
1902.4974098778187
 10
8419.504987089593
 20
1899.0324277085097
 10
8411.153857224046
 20
1892.1012731925832
 10
8402.808197456157
 20
1885.1638341452071
 10
8400.540346447251
 20
1883.2755126781253
 10
8389.73393560238
 20
1874.254782727384
 10
8378.93862960338
 20
1865.2196478301703
 10
8368.144472017364
 20
1856.1827001697789
 10
8357.341506411438
 20
1847.1565319295034
 10
8346.519776352714
 20
1838.1537352926389
 10
8338.147035900376
 20
1831.2281493968753
 10
8336.350766606285
 20
1829.7589906764317
 10
8334.541870113932
 20
1828.3046373035231
 10
8332.7199426812
 20
1826.8663081222676
 10
8330.884580565978
 20
1825.4452219767827
 10
8329.035380026153
 20
1824.0425977111868
 10
8327.598207775376
 20
1822.9732665843753
 10
8327.191225353501
 20
1822.6746826000003
 10
8326.91714304353
 20
1822.4756050767187
 10
8326.642320873803
 20
1822.2775751980626
 10
8326.366766462093
 20
1822.0805853462566
 10
8326.090487426176
 20
1821.8846279035245
 10
8325.813491383826
 20
1821.6896952520906
 10
8321.339346140478
 20
1818.7427885468496
 10
8318.41733973275
 20
1817.0091856251543
 10
8317.273012462876
 20
1816.3685302562503
 10
8317.142360439295
 20
1816.296824831557
 10
8316.987943895818
 20
1816.2124166991125
 10
8316.822316926862
 20
1816.1221694748563
 10
8316.65803362684
 20
1816.032946774728
 10
8316.50764809017
 20
1815.9516122146674
 10
8316.408998791001
 20
1815.8985595531253
 10
8315.981996837876
 20
1815.6719970531253
 10
8315.861272381993
 20
1815.6089879922224
 10
8315.699680297032
 20
1815.5250684043965
 10
8315.519053128253
 20
1815.4313373888972
 10
8315.341223420925
 20
1815.338894044974
 10
8315.188023720306
 20
1815.2588374718773
 10
8315.100405041001
 20
1815.2125243968753
 10
8314.299623791001
 20
1814.7630615062503
 10
8311.474312688284
 20
1813.1412124379035
 10
8308.6138774919
 20
1811.6041577663673
 10
8305.711378408156
 20
1810.160756964824
 10
8302.75987564335
 20
1808.8198695064566
 10
8299.75242940379
 20
1807.5903548644478
 10
8297.388246837876
 20
1806.7230224437503
 10
8297.114978682663
 20
1806.6284199796291
 10
8296.841345275152
 20
1806.5347045186181
 10
8296.567377086447
 20
1806.441883678493
 10
8296.293104587648
 20
1806.34996507703
 10
8296.018558249863
 20
1806.258956332004
 10
8295.806459728501
 20
1806.1893310375003
 10
8295.531307612258
 20
1806.099971377928
 10
8295.255818977434
 20
1806.0115638066718
 10
8294.98000905958
 20
1805.9240930881806
 10
8294.703893094245
 20
1805.8375439869028
 10
8294.427486316981
 20
1805.751901267287
 10
8294.213930431626
 20
1805.6864013500003
 10
8293.93700307237
 20
1805.6023517829829
 10
8293.659746812307
 20
1805.5192255705667
 10
8293.382184504764
 20
1805.4370227127515
 10
8293.104339003072
 20
1805.3557432095379
 10
8292.826233160551
 20
1805.275387060925
 10
8292.611391369126
 20
1805.2139892406253
 10
8286.620619916011
 20
1803.6125399556252
 10
8280.575043244418
 20
1802.204058551416
 10
8274.48378744968
 20
1800.9930166623562
 10
8268.355978627133
 20
1799.983885922804
 10
8262.200742872104
 20
1799.1811379671167
 10
8257.436342541001
 20
1798.7054443187503
 10
8254.965491016435
 20
1798.5030869972638
 10
8252.493819445006
 20
1798.3139068239066
 10
8250.02231051978
 20
1798.1244355711735
 10
8247.55194693383
 20
1797.921205011561
 10
8245.083711380224
 20
1797.6907469175646
 10
8243.180483166001
 20
1797.4857177562503
 10
8242.25270275161
 20
1797.3733278727063
 10
8241.325878301248
 20
1797.249796390805
 10
8240.400482117011
 20
1797.114666244002
 10
8239.476986500997
 20
1796.967480365753
 10
8238.555863755299
 20
1796.8077816895136
 10
8237.846742931626
 20
1796.6756591625003
 10
8237.019106212876
 20
1796.5030517406253
 10
8232.758578632323
 20
1795.2501221946918
 10
8230.929994884751
 20
1794.5255126781253
 10
8229.816225353501
 20
1794.0008544750003
 10
8229.629619369278
 20
1793.9025961174762
 10
8229.444188794481
 20
1793.8019786551004
 10
8229.260009806865
 20
1793.6990173234244
 10
8229.077158584192
 20
1793.5937273580003
 10
8228.895711304214
 20
1793.486123994379
 10
8228.756655041001
 20
1793.4014892406253
 10
8226.727846447251
 20
1791.8983154125003
 10
8223.390444103501
 20
1787.4073486156253
 10
8222.626039806626
 20
1785.3638915843753
 10
8221.271791759751
 20
1778.8365478343753
 10
8221.185365978501
 20
1777.9454345531253
 10
8221.108281733717
 20
1776.9341385041562
 10
8221.046533808792
 20
1775.9208764008363
 10
8221.000465003637
 20
1774.9063643140855
 10
8220.970418118157
 20
1773.8913183148225
 10
8220.956735952263
 20
1772.8764544739668
 10
8220.957582775376
 20
1772.0936279125003
 10
8221.098953657924
 20
1763.9231861700778
 10
8221.365130435059
 20
1755.756152379931
 10
8221.703459040884
 20
1747.5911858135307
 10
8222.061285409498
 20
1739.426945742347
 10
8222.385955475005
 20
1731.2620914378497
 10
8222.580629650376
 20
1724.9581298656253
 10
8222.971079019106
 20
1710.9562547444298
 10
8223.295562725825
 20
1696.944017310051
 10
8223.356163339095
 20
1682.9356780386706
 10
8222.954963427474
 20
1668.945497406469
 10
8221.894045559522
 20
1654.9877358896272
 10
8220.498842541001
 20
1644.2445068187503
 10
8219.662621136342
 20
1639.6978782420094
 10
8218.64409152523
 20
1635.188032963798
 10
8217.529509782338
 20
1630.6978919309122
 10
8216.405131982348
 20
1626.2103760901487
 10
8215.357214199936
 20
1621.7084063883026
 10
8214.655092541001
 20
1618.2125243968753
 10
8214.650698009751
 20
1618.1558837718753
 10
8214.575890409464
 20
1617.4103081032492
 10
8214.487773619554
 20
1616.6658617364562
 10
8214.391329665352
 20
1615.922179018261
 10
8214.291540572192
 20
1615.1788942954283
 10
8214.193388365406
 20
1614.435641914722
 10
8214.121889416001
 20
1613.8616943187503
 10
8213.937759224142
 20
1612.2602415853753
 10
8213.766759538303
 20
1610.6568040873228
 10
8213.60614795922
 20
1609.0519912466518
 10
8213.453182087627
 20
1607.4464124854212
 10
8213.305119524257
 20
1605.8406772256903
 10
8213.192446056626
 20
1604.6014404125003
 10
8213.187830038625
 20
1604.5497946520836
 10
8213.183336573262
 20
1604.4981488916674
 10
8213.178912336105
 20
1604.4465031312507
 10
8213.174504002724
 20
1604.3948573708342
 10
8213.17005824869
 20
1604.3432116104177
 10
8213.166567150376
 20
1604.3033447093753
 10
8213.153383556626
 20
1604.1541747875003
 10
8213.140373105074
 20
1604.0055821942624
 10
8213.127456472446
 20
1603.8569896010254
 10
8213.11459556986
 20
1603.7083970077874
 10
8213.101752308437
 20
1603.55980441455
 10
8213.088888599299
 20
1603.411211821312
 10
8213.078920666001
 20
1603.2965087718753
 10
8213.055239025376
 20
1603.0260009593753
 10
8212.70842809266
 20
1599.0484325176744
 10
8212.362022906731
 20
1595.0708315333704
 10
8212.015901583181
 20
1591.0932094331265
 10
8211.056948009751
 20
1580.0675048656253
 10
8211.030815368702
 20
1579.8122373659576
 10
8210.999740528647
 20
1579.5526859366373
 10
8210.968850252653
 20
1579.2910521148515
 10
8210.943271303797
 20
1579.0295374377888
 10
8210.928130445145
 20
1578.7703434426376
 10
8210.926821056626
 20
1578.5732421703128
 10
8210.984157235845
 20
1577.5074498597173
 10
8211.096299168044
 20
1576.434319025071
 10
8211.240446850441
 20
1575.3577233053359
 10
8211.393800280252
 20
1574.2815363394748
 10
8211.533559454692
 20
1573.20963176645
 10
8211.617739025376
 20
1572.3875732250003
 10
8211.824929205366
 20
1569.8730612282088
 10
8212.021534686532
 20
1567.3576449880811
 10
8212.213459245071
 20
1564.8418272778158
 10
8212.40660665718
 20
1562.3261108706115
 10
8212.606880699055
 20
1559.8109985396668
 10
8212.770082775376
 20
1557.8702392406253
 10
8212.810610119126
 20
1557.4165038890628
 10
8213.074281994126
 20
1555.0186767406253
 10
8213.158533216507
 20
1554.3706031161626
 10
8213.24794929081
 20
1553.7231705208424
 10
8213.342682572547
 20
1553.076470367974
 10
8213.442885417237
 20
1552.4305940708664
 10
8213.54871018039
 20
1551.785633042828
 10
8213.634340587876
 20
1551.2884521312503
 10
8213.69145107302
 20
1550.9657818135036
 10
8213.749400449009
 20
1550.6431906137086
 10
8213.808280129148
 20
1550.3207356651828
 10
8213.868181526748
 20
1549.9984741012447
 10
8213.929196055118
 20
1549.6764630552118
 10
8213.977114025376
 20
1549.4281005687503
 10
8214.258119884751
 20
1548.2292480296878
 10
8215.200229602411
 20
1546.003681197924
 10
8216.509019348812
 20
1543.8965587502341
 10
8218.09595533433
 20
1541.926734681569
 10
8219.87250376934
 20
1540.1130629868792
 10
8221.750130864222
 20
1538.4743976611153
 10
8223.212709728501
 20
1537.3410644359378
 10
8224.034370862297
 20
1536.7509827306428
 10
8224.875052913767
 20
1536.1822199052294
 10
8225.73390269203
 20
1535.6386610253226
 10
8226.610067006204
 20
1535.1241911565498
 10
8227.502692665405
 20
1534.6426953645366
 10
8228.202455822251
 20
1534.2960204906253
 10
8228.609682384751
 20
1534.1103515453128
 10
8231.989683657443
 20
1532.7350172012182
 10
8235.47132142689
 20
1531.497837834733
 10
8239.021862110747
 20
1530.3943760914897
 10
8242.60857212667
 20
1529.4201946171215
 10
8246.198717892314
 20
1528.570856057261
 10
8248.951723400376
 20
1527.9978027171878
 10
8249.373665674737
 20
1527.9168823191685
 10
8249.796344334081
 20
1527.8394610862726
 10
8250.219660347322
 20
1527.7653447652187
 10
8250.64351468338
 20
1527.6943391027255
 10
8251.067808311165
 20
1527.6262498455112
 10
8251.395571056626
 20
1527.5755615062503
 10
8254.392865778593
 20
1527.1883660687547
 10
8257.398195783804
 20
1526.9111565442472
 10
8260.408955792958
 20
1526.704423338865
 10
8263.42254052675
 20
1526.5286568587442
 10
8266.43634470588
 20
1526.3443475100216
 10
8268.761293712876
 20
1526.1712646312503
 10
8275.777394639365
 20
1525.6269788326954
 10
8282.797484607394
 20
1525.1370223419444
 10
8289.818737422169
 20
1524.664422284454
 10
8296.83832688889
 20
1524.172205785682
 10
8303.853426812759
 20
1523.6233999710855
 10
8309.263735119126
 20
1523.1376952953128
 10
8309.728090587876
 20
1523.0958251781253
 10
8313.045909452281
 20
1522.7869951117736
 10
8316.347262026797
 20
1522.4150253789164
 10
8319.637358870028
 20
1521.986379662266
 10
8322.92141054058
 20
1521.5075216445368
 10
8326.204627597057
 20
1520.9849150084412
 10
8328.741762462876
 20
1520.5556640453128
 10
8337.663163489056
 20
1519.1104451583763
 10
8346.624249250826
 20
1517.8480099210979
 10
8355.614095857774
 20
1516.7591941492658
 10
8364.621779419496
 20
1515.8348336586669
 10
8373.636376045584
 20
1515.0657642650895
 10
8380.592836681626
 20
1514.5725097484378
 10
8381.496645275376
 20
1514.5031738109378
 10
8388.521969487643
 20
1514.0507190975095
 10
8395.557821198603
 20
1513.8847254927011
 10
8402.600262018204
 20
1513.9158707671006
 10
8409.645353556385
 20
1514.0548326912958
 10
8416.689157423094
 20
1514.212289035875
 10
8422.123110119126
 20
1514.2900390453128
 10
8427.462220990466
 20
1514.39285154043
 10
8432.787999818856
 20
1514.5473950800456
 10
8438.1054057763
 20
1514.6495956120316
 10
8443.419398034805
 20
1514.5953790842602
 10
8448.734935766373
 20
1514.2806714446035
 10
8452.842348400376
 20
1513.7938232250003
 10
8454.106996837876
 20
1513.5908202953128
 10
8454.434583734614
 20
1513.5326512459121
 10
8454.76179602389
 20
1513.472229205939
 10
8455.08861085238
 20
1513.4095656020568
 10
8455.41500536675
 20
1513.3446718609293
 10
8455.740956713682
 20
1513.2775594092202
 10
8455.992250744126
 20
1513.2242431468753
 10
8456.64152380014
 20
1513.0799829003245
 10
8457.288818907375
 20
1512.9267414966994
 10
8457.933960856992
 20
1512.7645075093358
 10
8458.576774440146
 20
1512.59326951157
 10
8459.217084447997
 20
1512.413016076739
 10
8459.709535900376
 20
1512.2677001781253
 10
8460.027334138287
 20
1512.1713288982617
 10
8460.344884464375
 20
1512.0734794358002
 10
8460.66202690535
 20
1511.974014670777
 10
8460.97860148792
 20
1511.8727974832289
 10
8461.294448238792
 20
1511.7696907531924
 10
8461.537660900376
 20
1511.6887206859378
 10
8461.840029064439
 20
1511.5828857250003
 10
8461.865673170316
 20
1511.5737572241087
 10
8461.936270037797
 20
1511.5479790721145
 10
8462.042316491645
 20
1511.5079622950386
 10
8462.174309356627
 20
1511.456117918902
 10
8462.322745457515
 20
1511.3948569697257
 10
8462.442568126939
 20
1511.3426513500003
 10
8462.468021354078
 20
1511.331042060314
 10
8462.538073517184
 20
1511.2981871951727
 10
8462.643263338792
 20
1511.247046260449
 10
8462.774129541434
 20
1511.1805787620176
 10
8462.921210847646
 20
1511.1017442057525
 10
8463.039858166001
 20
1511.0343017406253
 10
8463.923158947251
 20
1510.4532470531253
 10
8464.719294281682
 20
1509.868417384918
 10
8465.501072648183
 20
1509.2639158133227
 10
8466.267503735911
 20
1508.6398566049745
 10
8467.017597234017
 20
1507.9963540265107
 10
8467.750362831655
 20
1507.333522344566
 10
8468.303530041001
 20
1506.8087158031253
 10
8470.417622552271
 20
1504.5737574858633
 10
8472.309818612623
 20
1502.1705408129742
 10
8473.956259348439
 20
1499.6071901422818
 10
8475.333085886114
 20
1496.8918298316107
 10
8476.416439352035
 20
1494.032584238785
 10
8477.036928478501
 20
1491.7321777171878
 10
8477.13585352854
 20
1491.281625071615
 10
8477.23183718165
 20
1490.8299815472005
 10
8477.32519176663
 20
1490.377563281637
 10
8477.416229612289
 20
1489.924686412618
 10
8477.505263047431
 20
1489.4716670778364
 10
8477.572817150376
 20
1489.1220702953128
 10
8477.623548973486
 20
1488.851013090455
 10
8477.671935189908
 20
1488.5794595941932
 10
8477.717960564092
 20
1488.3074631309576
 10
8477.761609860485
 20
1488.0350770251787
 10
8477.802867843535
 20
1487.7623546012865
 10
8477.833071056626
 20
1487.5516357250003
 10
8477.94424326249
 20
1486.7473091574475
 10
8478.052396423564
 20
1485.9419998968322
 10
8478.15714965106
 20
1485.1359783741923
 10
8478.258122056195
 20
1484.3295150205672
 10
8478.354932750177
 20
1483.522880266995
 10
8478.426576916001
 20
1482.9002685375003
 10
8478.483949962876
 20
1482.3615722484378
 10
8479.274417536333
 20
1474.5776682148887
 10
8480.07168911971
 20
1466.7798970230565
 10
8480.837104501139
 20
1458.9729245605795
 10
8481.532003468754
 20
1451.1614167150979
 10
8482.117725810682
 20
1443.3500393742504
 10
8482.470766369126
 20
1437.3232421703128
 10
8482.491762462876
 20
1436.8226318187503
 10
8482.463005325943
 20
1431.8452444308462
 10
8482.046149513182
 20
1426.880019824682
 10
8481.141226953589
 20
1422.0140444124909
 10
8479.648269576155
 20
1417.3344046065058
 10
8477.467309309877
 20
1412.9281868189596
 10
8475.250063244126
 20
1409.7689208812503
 10
8472.463442150376
 20
1407.1488036937503
 10
8472.027895275376
 20
1406.8439941234378
 10
8470.30878840943
 20
1405.8125379307103
 10
8466.806948009751
 20
1404.3941650218753
 10
8465.398012462876
 20
1404.0416259593753
 10
8464.075366508194
 20
1403.7885096157465
 10
8462.750275113864
 20
1403.5893219786308
 10
8461.421831764572
 20
1403.4344341794954
 10
8460.089129945007
 20
1403.3142173498081
 10
8458.751263139855
 20
1403.2190426210368
 10
8457.714418712876
 20
1403.1566161937503
 10
8451.220863345005
 20
1402.7916543085973
 10
8444.727707442597
 20
1402.437777289415
 10
8438.23447108578
 20
1402.0945280696578
 10
8431.740674354684
 20
1401.7614495827825
 10
8425.245837329436
 20
1401.438084762244
 10
8420.231264416001
 20
1401.1948242015628
 10
8419.932715138895
 20
1401.17766252006
 10
8419.634356306184
 20
1401.1549087897956
 10
8419.336378362257
 20
1401.1266429974144
 10
8419.038971751514
 20
1401.092945129562
 10
8418.742326918342
 20
1401.0538951728838
 10
8418.513979259751
 20
1401.0201415843753
 10
8418.137693623163
 20
1400.9581435223974
 10
8417.761895524221
 20
1400.8888358705303
 10
8417.387072500575
 20
1400.8125157220284
 10
8417.013712089869
 20
1400.7294801701448
 10
8416.642301829752
 20
1400.6400263081339
 10
8416.357240978501
 20
1400.5667724437503
 10
8415.960756603501
 20
1400.4555663890628
 10
8412.414333529236
 20
1398.734932044921
 10
8408.50574051518
 20
1394.3586311750541
 10
8407.865541759751
 20
1392.9675292796878
 10
8407.183098649351
 20
1390.675073564706
 10
8406.872377697251
 20
1386.1831054515628
 10
8406.992739025376
 20
1385.1057128734378
 10
8407.913200838166
 20
1378.7261102780876
 10
8408.804547645897
 20
1372.343558868491
 10
8409.666200497615
 20
1365.9573082937384
 10
8410.497580442361
 20
1359.566608202919
 10
8411.298108529183
 20
1353.170708245123
 10
8411.894594494126
 20
1348.2294921703128
 10
8412.641285193693
 20
1341.6821126377718
 10
8413.33571487824
 20
1335.1296318016043
 10
8413.991092770899
 20
1328.5732799325926
 10
8414.620628094797
 20
1322.014287301518
 10
8415.237530073064
 20
1315.453884179162
 10
8415.713442150376
 20
1310.3895263500003
 10
8415.755922619126
 20
1309.9482421703128
 10
8417.995087964053
 20
1287.4185654862813
 10
8420.285535239193
 20
1264.8931223476588
 10
8422.586562668781
 20
1242.3683857242802
 10
8424.85746847705
 20
1219.8408285859778
 10
8427.057550888236
 20
1197.3069239025856
 10
8428.681703869126
 20
1179.9057617015628
 10
8428.723158562712
 20
1179.4459285495789
 10
8428.763762604678
 20
1178.9860256348072
 10
8428.803500759474
 20
1178.52604914836
 10
8428.842357791547
 20
1178.0659952813485
 10
8428.880318465348
 20
1177.6058602248859
 10
8428.908998791001
 20
1177.2506103343753
 10
8428.972231212876
 20
1176.4490966625003
 10
8428.986696168371
 20
1176.2610454743806
 10
8429.001301317669
 20
1176.0691583352752
 10
8429.0158790697
 20
1175.8754691913068
 10
8429.030261833399
 20
1175.682011988597
 10
8429.044282017701
 20
1175.4908206732678
 10
8429.054750744126
 20
1175.3460693187503
 10
8429.149082445441
 20
1174.0263095602527
 10
8429.24175186791
 20
1172.7063088394816
 10
8429.332020087284
 20
1171.3860900097645
 10
8429.419148179317
 20
1170.0656759244291
 10
8429.502397219761
 20
1168.7450894368021
 10
8429.563539806626
 20
1167.7255859203128
 10
8429.711090034096
 20
1164.8136497848145
 10
8429.81233006573
 20
1161.8981364354122
 10
8429.866018204086
 20
1158.9806570316734
 10
8429.870912751716
 20
1156.0628227331672
 10
8429.825772011178
 20
1153.1462446994617
 10
8429.755922619126
 20
1150.8967284984378
 10
8429.744208827173
 20
1150.6006878950634
 10
8429.731644383599
 20
1150.30466252724
 10
8429.718214052857
 20
1150.00866763052
 10
8429.70390259939
 20
1149.7127184404544
 10
8429.688694787652
 20
1149.4168301925947
 10
8429.676332775376
 20
1149.1884765453128
 10
8429.561749893834
 20
1147.4019542127917
 10
8429.41579300263
 20
1145.6176851381374
 10
8429.260073009751
 20
1144.0393066234378
 10
8429.194917740853
 20
1143.4455710569196
 10
8429.126137613534
 20
1142.8522320824957
 10
8429.053801187772
 20
1142.2593125534931
 10
8428.977977023551
 20
1141.6668353232399
 10
8428.898733680853
 20
1141.074823245062
 10
8428.835268322251
 20
1140.6181640453128
 10
8428.773256603501
 20
1140.1896972484378
 10
8428.740367037668
 20
1139.982290971179
 10
8428.705465443541
 20
1139.7751567955215
 10
8428.66979351857
 20
1139.5681271303986
 10
8428.634592960196
 20
1139.3610343847442
 10
8428.601105465867
 20
1139.1537109674923
 10
8428.577211681626
 20
1138.9934081859378
 10
8428.402406994126
 20
1137.3623046703128
 10
8428.264936111897
 20
1135.5649577833904
 10
8428.143475789417
 20
1133.7668278693181
 10
8428.024489239204
 20
1131.9687147945494
 10
8427.894439673768
 20
1130.1714184255359
 10
8427.739790305626
 20
1128.3757386287302
 10
8427.595033947251
 20
1126.9912109203128
 10
8426.59609279173
 20
1120.623801967237
 10
8425.097619603846
 20
1114.3353119676974
 10
8423.152512218325
 20
1108.153347740968
 10
8420.813668469887
 20
1102.1055161063223
 10
8418.133986193256
 20
1096.2194238830325
 10
8415.865785900376
 20
1091.8038329906253
 10
8415.609438244126
 20
1091.3342284984378
 10
8413.35022586834
 20
1087.676306400947
 10
8410.777474933258
 20
1084.1241938715573
 10
8407.954199679782
 20
1080.7076116623093
 10
8404.94341434881
 20
1077.4562805252435
 10
8401.808133181248
 20
1074.3999212124006
 10
8399.342592541001
 20
1072.1927490062503
 10
8396.187139187667
 20
1069.6555443732182
 10
8392.856699111977
 20
1067.2936396601672
 10
8389.400528851847
 20
1065.0794166211597
 10
8385.867884945199
 20
1062.9852570102596
 10
8382.308023929952
 20
1060.9835425815295
 10
8379.572573009751
 20
1059.4841308421878
 10
8379.422240725427
 20
1059.4029121293288
 10
8379.261502693185
 20
1059.3174656846227
 10
8379.09595797819
 20
1059.230796720598
 10
8378.931205645611
 20
1059.145910449783
 10
8378.772844760615
 20
1059.065812084707
 10
8378.658510509751
 20
1059.0091552562503
 10
8377.571352306626
 20
1058.5177001781253
 10
8375.092894401469
 20
1057.490740074991
 10
8372.6275009816
 20
1056.4440549445364
 10
8370.170692794885
 20
1055.3829162875722
 10
8367.71799058919
 20
1054.312595604908
 10
8365.264915112382
 20
1053.2383643973549
 10
8363.368227306626
 20
1052.4097900218753
 10
8359.583027480323
 20
1050.9107089014606
 10
8355.673893125979
 20
1049.632681598799
 10
8351.680543326293
 20
1048.5548430261465
 10
8347.64269716396
 20
1047.6563280957569
 10
8343.600073721673
 20
1046.9162717198847
 10
8340.501283947251
 20
1046.4401855296878
 10
8339.942934337876
 20
1046.3691406078128
 10
8335.690784884595
 20
1045.9331136731885
 10
8331.46691862867
 20
1045.5499810977456
 10
8327.262948399019
 20
1045.1409712714676
 10
8323.07048702455
 20
1044.6273125843409
 10
8318.88114733418
 20
1043.9302334263493
 10
8315.644106212876
 20
1043.2169189281253
 10
8315.371279064439
 20
1043.1571044750003
 10
8315.348178293301
 20
1043.1521689582248
 10
8315.28474420647
 20
1043.1391652814896
 10
8315.133223227745
 20
1043.1104476454332
 10
8315.007466088582
 20
1043.089104926741
 10
8314.87218382325
 20
1043.069159134443
 10
8314.056948009751
 20
1043.0057372875003
 10
8312.116272851013
 20
1042.9456701014096
 10
8310.174745035984
 20
1042.9147200586003
 10
8308.232874955635
 20
1042.8963642034978
 10
8306.291173000938
 20
1042.8740795805268
 10
8304.350149562873
 20
1042.8313432341122
 10
8302.852602306626
 20
1042.7739257640628
 10
8295.663734992979
 20
1042.2459275224278
 10
8288.542291943679
 20
1041.3813986038224
 10
8281.47316710944
 20
1040.2320789410574
 10
8274.441254440972
 20
1038.8497084669423
 10
8267.431447888988
 20
1037.2860271142877
 10
8262.025942150376
 20
1035.9876708812503
 10
8260.994692150376
 20
1035.7189941234378
 10
8260.699609100699
 20
1035.636359639129
 10
8260.405014925118
 20
1035.5516364141824
 10
8260.111046743597
 20
1035.464626386428
 10
8259.8178416761
 20
1035.3751314936974
 10
8259.525536842591
 20
1035.2829536738213
 10
8259.300600353501
 20
1035.2098388500003
 10
8258.170961681626
 20
1034.8071288890628
 10
8253.156866898766
 20
1032.9238301016721
 10
8248.131323400847
 20
1031.1346612283305
 10
8243.083673919613
 20
1029.4397898601042
 10
8238.003261186806
 20
1027.8393835880597
 10
8232.879427934173
 20
1026.333610003263
 10
8228.887758556626
 20
1025.2360839671878
 10
8220.277350364378
 20
1022.9782566402173
 10
8211.641941701644
 20
1020.7386887202417
 10
8203.011889404737
 20
1018.4475252037466
 10
8194.417550309972
 20
1016.0349110872178
 10
8185.889281253664
 20
1013.4309913671407
 10
8179.370424572251
 20
1011.2459716625001
 10
8176.809819005691
 20
1010.3573939264529
 10
8174.207566525109
 20
1009.4368046261652
 10
8171.610882104527
 20
1008.4476193936557
 10
8169.066980717969
 20
1007.3532538609454
 10
8166.623077339455
 20
1006.1171236600537
 10
8164.834780041001
 20
1005.0428466625001
 10
8163.694887462876
 20
1004.1636962718751
 10
8160.978081084026
 20
1001.050205166958
 10
8158.9163046506155
 20
997.4892078296807
 10
8157.442217025124
 20
993.6083819902938
 10
8156.488477070029
 20
989.5354053790481
 10
8155.987743647812
 20
985.3979557261948
 10
8155.868471447251
 20
982.2407226390626
 10
8155.837179854587
 20
979.6160992109487
 10
8155.8008009244995
 20
976.9556087557414
 10
8155.809033025904
 20
974.2814456630524
 10
8155.91157452771
 20
971.6158043224932
 10
8156.158123798833
 20
968.9808791236753
 10
8156.478334728501
 20
966.9819335765626
 10
8156.731020275376
 20
964.4447021312501
 10
8157.173869205141
 20
945.2448200019749
 10
8158.050658075875
 20
906.8743430839077
 10
8158.879834578521
 20
868.5314353303017
 10
8159.618518253453
 20
830.2023199937353
 10
8160.223828641043
 20
791.8732203267859
 10
8160.652885281665
 20
753.5303595820326
 10
8160.733461681626
 20
743.0996093578124
 10
8160.754233239837
 20
741.7017115727385
 10
8160.7973616332565
 20
740.3037011915983
 10
8160.8629992174
 20
738.9062790497596
 10
8160.951298347782
 20
737.5101459825896
 10
8161.062411379917
 20
736.1160028254576
 10
8161.163881603501
 20
735.0416259593749
 10
8161.390688244126
 20
733.1893310374999
 10
8161.439210531307
 20
732.8699306927413
 10
8161.490363356715
 20
732.5509163821075
 10
8161.544139102574
 20
732.2323223855892
 10
8161.60053015111
 20
731.9141829831769
 10
8161.6595288845465
 20
731.596532454862
 10
8161.706850353501
 20
731.3516845531249
 10
8161.836815389189
 20
730.718993519564
 10
8161.977455601526
 20
730.0884876516443
 10
8162.1287176660835
 20
729.4603954826382
 10
8162.29054825843
 20
728.8349455458176
 10
8162.462894054136
 20
728.2123663744546
 10
8162.603090587876
 20
727.7338867015624
 10
8162.787172619126
 20
727.1397704906249
 10
8162.887952160278
 20
726.8322650581144
 10
8162.991513659645
 20
726.5257061008194
 10
8163.096242148771
 20
726.2195451388868
 10
8163.200522659201
 20
725.9132336924633
 10
8163.302740222476
 20
725.606223281696
 10
8163.379213634751
 20
725.3684081859374
 10
8163.933901134751
 20
723.5736083812499
 10
8166.910712283715
 20
718.0276728403894
 10
8168.943628645821
 20
715.7359965387309
 10
8171.276304346986
 20
713.7223337669875
 10
8173.861303497692
 20
711.9545489382103
 10
8175.999330822251
 20
710.7377929515624
 10
8180.633612307907
 20
708.4311880920523
 10
8185.347440344663
 20
706.3330340416865
 10
8190.127674269372
 20
704.4004312963987
 10
8194.961173418887
 20
702.5904803521219
 10
8199.834797130059
 20
700.8602817047895
 10
8203.616030041001
 20
699.5521240062499
 10
8206.773470727112
 20
698.5049347114252
 10
8209.964586926657
 20
697.5462782035509
 10
8213.188670186488
 20
696.7073073765059
 10
8216.445012053466
 20
696.0191751241691
 10
8219.732904074444
 20
695.5130343404201
 10
8222.292055431626
 20
695.2664794749999
 10
8223.208559337876
 20
695.2392577953124
 10
8227.131960309196
 20
695.2568424316148
 10
8231.06488750945
 20
695.2943255668376
 10
8235.000774415952
 20
695.3716276845348
 10
8238.933054506015
 20
695.508669268261
 10
8242.855161256957
 20
695.7253708015696
 10
8245.871645275376
 20
695.9597167796874
 10
8246.061669295057
 20
695.9779546302573
 10
8246.255287434755
 20
695.9992417294259
 10
8246.45046574835
 20
696.023307646155
 10
8246.64517028972
 20
696.0498819494051
 10
8246.837367112741
 20
696.0786942081381
 10
8246.982729259751
 20
696.1022949046874
 10
8252.092620239502
 20
697.0169137654734
 10
8257.179207374358
 20
697.9904981522488
 10
8262.26157319254
 20
698.95265600831
 10
8267.358800222271
 20
699.8329952769532
 10
8272.489970991775
 20
700.5611239014747
 10
8276.486147228501
 20
700.9746093578124
 10
8277.786196056626
 20
701.1400146312499
 10
8281.182346928934
 20
701.7920327227293
 10
8284.573262117434
 20
702.4978967270154
 10
8287.96984265921
 20
703.1599124791605
 10
8291.38298959134
 20
703.6803858142171
 10
8294.823603950907
 20
703.961622567238
 10
8297.505190197251
 20
703.9533691234374
 10
8301.190999365022
 20
703.7892348722396
 10
8304.883430384525
 20
703.6278587235415
 10
8308.578552483481
 20
703.4590938000613
 10
8312.272434889606
 20
703.2727932245159
 10
8315.961146830623
 20
703.0588101196229
 10
8318.802553478501
 20
702.8682861156251
 10
8319.746401134751
 20
702.7645263500001
 10
8320.181790257913
 20
702.6915342568752
 10
8320.616314162131
 20
702.6103243879938
 10
8321.049767167458
 20
702.5219784675105
 10
8321.48194359395
 20
702.4275782195798
 10
8321.91263776166
 20
702.3282053683567
 10
8322.243959728501
 20
702.2487792796876
 10
8322.443600092645
 20
702.1994853011649
 10
8322.648129331381
 20
702.147515010942
 10
8322.854873605425
 20
702.0935997154897
 10
8323.061159075494
 20
702.0384707212793
 10
8323.264311902303
 20
701.9828593347813
 10
8323.417299572251
 20
701.9400634593751
 10
8323.859682384751
 20
701.8101806468751
 10
8327.29038546632
 20
700.7637858119679
 10
8330.71188453741
 20
699.6724453653333
 10
8334.114931618275
 20
698.5209808888142
 10
8337.49027872917
 20
697.2942139642525
 10
8340.82867789035
 20
695.9769661734924
 10
8343.374574962876
 20
694.8886718578126
 10
8347.417717798684
 20
693.0199067898689
 10
8351.414638778246
 20
691.0527796659608
 10
8355.384542314196
 20
689.0283769595287
 10
8359.346632819168
 20
686.987785144014
 10
8363.320114705799
 20
684.9720906928576
 10
8366.407289806626
 20
683.4591064281251
 10
8366.558447305495
 20
683.3868956886322
 10
8366.739427727889
 20
683.300959053834
 10
8366.935117406745
 20
683.208521984018
 10
8367.130402675
 20
683.1168099394704
 10
8367.31016986559
 20
683.0330483804792
 10
8367.428774181626
 20
682.9783935375001
 10
8368.256655041001
 20
682.6191406078126
 10
8369.7093075282
 20
682.0427184113205
 10
8371.173746719067
 20
681.4941752691855
 10
8372.648700445054
 20
680.9730960126305
 10
8374.132896537612
 20
680.4790654728772
 10
8375.625062828194
 20
680.0116684811483
 10
8376.781557384751
 20
679.6688232250001
 10
8380.304022279806
 20
678.6625751212787
 10
8383.84732272687
 20
677.6824466999124
 10
8387.406484318386
 20
676.7399598467039
 10
8390.976532646797
 20
675.8466364474561
 10
8394.552493304545
 20
675.0139983879728
 10
8397.313783947251
 20
674.4200439281251
 10
8398.447817150376
 20
674.2309570140626
 10
8403.691477232109
 20
673.8141055086462
 10
8408.99139431988
 20
673.7200074648331
 10
8414.319184581294
 20
673.8509382465722
 10
8419.64646418395
 20
674.1091732178136
 10
8424.94484929545
 20
674.3969877425063
 10
8428.997133556626
 20
674.5776367015626
 10
8429.791567150376
 20
674.6353759593751
 10
8433.34008122834
 20
675.0930663668835
 10
8436.845301081585
 20
675.5202064866573
 10
8440.334239342872
 20
675.8845312295593
 10
8443.83390864497
 20
676.1537755064535
 10
8447.371321620645
 20
676.295674228202
 10
8450.144838634751
 20
676.2977294750001
 10
8451.426178557354
 20
676.3005827254296
 10
8452.70825379578
 20
676.3433084160717
 10
8453.990744403442
 20
676.4078714628677
 10
8455.273330433763
 20
676.4762367817586
 10
8456.555691940162
 20
676.5303692886862
 10
8457.545229259751
 20
676.5510253734376
 10
8460.295175282175
 20
676.5127914616439
 10
8462.993541345431
 20
676.3325742388267
 10
8465.648897447223
 20
675.981765148204
 10
8468.269813585253
 20
675.4317556329929
 10
8470.86485975723
 20
674.6539371364104
 10
8472.855776134751
 20
673.8796386546876
 10
8473.377260509751
 20
673.6445312328126
 10
8477.660707775376
 20
670.8394775218751
 10
8478.867250744126
 20
669.6820068187501
 10
8481.52776033988
 20
666.2493672873982
 10
8483.495269521844
 20
662.3970875476573
 10
8484.9193609344
 20
658.2558467334186
 10
8485.949617221935
 20
653.9563239785741
 10
8486.735621028833
 20
649.6291984170152
 10
8487.269838634751
 20
646.3526611156251
 10
8487.494049349963
 20
645.0064752476799
 10
8487.72192715545
 20
643.659928069969
 10
8487.948345288136
 20
642.3127681958924
 10
8488.168176984953
 20
640.9647442388509
 10
8488.376295482827
 20
639.6156048122455
 10
8488.525698009751
 20
638.5732421703126
 10
8488.609926525376
 20
637.8768310375001
 10
8489.968582282982
 20
625.1502980873388
 10
8491.17305185537
 20
612.4067061977223
 10
8492.297349551613
 20
599.6542787575586
 10
8493.415489680774
 20
586.9012391557565
 10
8494.601486551921
 20
574.1558107812252
 10
8495.610170666001
 20
564.3276367015626
 10
8495.801459169696
 20
562.7297906139338
 10
8496.019230001806
 20
561.1352002567096
 10
8496.248590410769
 20
559.5420868792555
 10
8496.474647645015
 20
557.9486717309369
 10
8496.682508952976
 20
556.353176061119
 10
8496.821108166001
 20
555.1190185375001
 10
8496.901430431626
 20
552.3813476390626
 10
8497.787384556534
 20
547.574795183863
 10
8499.783828886517
 20
543.1152630846188
 10
8502.74527152276
 20
539.2697696164862
 10
8506.526220566448
 20
536.3053330546213
 10
8510.98118411877
 20
534.4889716741804
 10
8514.789125744126
 20
534.0407714671876
 10
8515.013249791591
 20
534.0437986490851
 10
8515.23723017048
 20
534.0499711036391
 10
8515.46114305855
 20
534.0573996224668
 10
8515.685064633559
 20
534.0641949971857
 10
8515.909071073262
 20
534.068468019412
 10
8516.082094494126
 20
534.0688476390626
 10
8517.766718371615
 20
534.066547121877
 10
8519.43669620668
 20
534.0893725014173
 10
8521.098663081986
 20
534.1465108152233
 10
8522.759254080203
 20
534.2471491008343
 10
8524.425104283997
 20
534.4004743957905
 10
8525.718813244126
 20
534.5606689281251
 10
8527.858705822251
 20
534.6490478343751
 10
8537.66007369361
 20
534.5517002077747
 10
8547.462293820327
 20
534.4277253812434
 10
8557.264459687087
 20
534.2696008012394
 10
8567.065664778576
 20
534.0698039142226
 10
8576.865002579485
 20
533.8208121666516
 10
8584.427553478501
 20
533.5902099437501
 10
8585.532045666001
 20
533.5349120921876
 10
8587.29745643762
 20
533.3780508237433
 10
8589.054760559477
 20
533.2262799002285
 10
8590.80873437696
 20
533.1143249523443
 10
8592.564154235457
 20
533.0769116107906
 10
8594.325796480352
 20
533.1487655062672
 10
8595.692934337876
 20
533.3009033031251
 10
8596.319399181626
 20
533.4049072093751
 10
8598.824295627119
 20
533.9515789968377
 10
8601.488403182417
 20
534.7504467377719
 10
8604.097106251664
 20
535.8592303189419
 10
8606.435789239002
 20
537.3356496271113
 10
8608.289836548574
 20
539.2374245490453
 10
8609.253969494126
 20
541.0328368968751
 10
8609.298647228501
 20
541.1890868968751
 10
8610.194946969976
 20
545.539321870059
 10
8610.934520198418
 20
549.921485614004
 10
8611.575254391653
 20
554.3229440476496
 10
8612.175037027517
 20
558.7310630899335
 10
8612.791755583836
 20
563.1332086597961
 10
8613.315981212876
 20
566.5192870921876
 10
8615.162416759751
 20
572.5046386546876
 10
8615.389223400376
 20
572.9776611156251
 10
8616.048728547772
 20
574.2472794315706
 10
8616.765803898996
 20
575.5169542124777
 10
8617.542178689142
 20
576.7643615665477
 10
8618.379582153299
 20
577.9671776019809
 10
8619.279743526562
 20
579.1030784269788
 10
8620.018617931626
 20
579.9200439281251
 10
8621.169985119126
 20
580.9304199046876
 10
8621.383290362472
 20
581.0819640465845
 10
8621.600725910339
 20
581.227904512587
 10
8621.822025140575
 20
581.3681118005077
 10
8622.046921431032
 20
581.5024564081596
 10
8622.390427118673
 20
581.6926975080964
 10
8623.850405041001
 20
582.3201904125001
 10
8625.26376435209
 20
582.8030983097651
 10
8629.58576544869
 20
584.0652951505442
 10
8631.041475583064
 20
584.4199794444655
 10
8632.166323009751
 20
584.6699218578126
 10
8634.446832925685
 20
585.0872602661248
 10
8638.796938244126
 20
585.5207519359376
 10
8638.971629830316
 20
585.528418714234
 10
8639.154891681424
 20
585.5355851917698
 10
8639.342191220887
 20
585.5421028219184
 10
8639.528995872142
 20
585.5478230580527
 10
8639.710773058625
 20
585.5525973535457
 10
8639.844789806626
 20
585.5555419750001
 10
8641.410219494126
 20
585.5588378734376
 10
8642.09807294725
 20
585.5484465088052
 10
8642.78587655072
 20
585.5350307535912
 10
8643.473668393415
 20
585.5208645138521
 10
8644.161486564211
 20
585.5082216956464
 10
8644.84936915199
 20
585.4993762050319
 10
8645.380434337876
 20
585.4965820140626
 10
8647.757468858039
 20
585.5119978065029
 10
8650.134223658824
 20
585.554097932061
 10
8652.510858713526
 20
585.6079058436371
 10
8654.887533995428
 20
585.6584449941306
 10
8657.264409477828
 20
585.6907388364414
 10
8659.099428478501
 20
585.6937255687501
 10
8659.296870825889
 20
585.6925057756475
 10
8659.47326980304
 20
585.6910543754348
 10
8659.640471051229
 20
585.6894475458705
 10
8659.810320211727
 20
585.687761464711
 10
8659.994662925807
 20
585.6860723097141
 10
8660.154360119126
 20
585.6848144359376
 10
8690.789165784076
 20
585.4803177709994
 10
8721.424361960262
 20
585.30960313471
 10
8752.059811527724
 20
585.1723543893766
 10
8782.695377366495
 20
585.0682553973064
 10
8813.330922356616
 20
584.996990020806
 10
8836.979311291001
 20
584.9642333812502
 10
8837.09862406792
 20
584.9641614490735
 10
8837.231298022429
 20
584.9641994400635
 10
8837.37024862309
 20
584.96434735422
 10
8837.50839133847
 20
584.9646051915437
 10
8837.63864163713
 20
584.9649729520341
 10
8837.729311291001
 20
584.9653320140627
 10
8841.210361296397
 20
584.9912596997041
 10
8844.69209917357
 20
585.0351933346202
 10
8848.174113562633
 20
585.0922308801236
 10
8851.655993103692
 20
585.1574702975271
 10
8855.137326436861
 20
585.2260095481432
 10
8857.824037853501
 20
585.2780761546877
 10
8858.741274181626
 20
585.2999267406252
 10
8859.560419043788
 20
585.3263161304811
 10
8860.379573929338
 20
585.3564933590702
 10
8861.198616953865
 20
585.3910145240212
 10
8862.017426232956
 20
585.4304357229624
 10
8862.835879882201
 20
585.4753130535236
 10
8863.467348400376
 20
585.5140380687502
 10
8866.673288719478
 20
585.8105357837311
 10
8868.126368279783
 20
586.0044102652768
 10
8869.083808166013
 20
586.1527278660989
 10
8869.929750744126
 20
586.2977294750002
 10
8871.758119884751
 20
586.6696777171877
 10
8871.913028534287
 20
586.7060801051365
 10
8872.070655794221
 20
586.7439779159102
 10
8872.229455256076
 20
586.782997878497
 10
8872.38788051138
 20
586.8227667218863
 10
8872.544385151656
 20
586.8629111750664
 10
8872.662905041001
 20
586.8939208812502
 10
8874.06029024456
 20
587.2965869413332
 10
8874.981071825705
 20
587.6003079651088
 10
8875.333803478501
 20
587.7250976390627
 10
8875.560761356093
 20
587.8072855444588
 10
8875.787710546747
 20
587.890290890646
 10
8876.01442251719
 20
587.9743155486816
 10
8876.24066873415
 20
588.0595613896224
 10
8876.466220664355
 20
588.1462302845254
 10
8876.639711681626
 20
588.2142333812502
 10
8876.855409923814
 20
588.3040771312502
 10
8876.873708455836
 20
588.3118835137126
 10
8876.924104485704
 20
588.3342107799116
 10
8876.999848664113
 20
588.3694211080639
 10
8877.09419164176
 20
588.4158766763852
 10
8877.20038406934
 20
588.4719396630918
 10
8877.286196056626
 20
588.5207519359377
 10
8877.304437087807
 20
588.5317960735371
 10
8877.354650458115
 20
588.5633769993439
 10
8877.430071582694
 20
588.6131674828697
 10
8877.523935876688
 20
588.6788402936266
 10
8877.629478755245
 20
588.7580682011277
 10
8877.714662853501
 20
588.8270263500002
 10
8877.732746183361
 20
588.8424433915476
 10
8877.782471214152
 20
588.8857718295639
 10
8877.857050507695
 20
588.9526276341134
 10
8877.949696625805
 20
589.0386267752582
 10
8878.053622130297
 20
589.1393852230618
 10
8878.137270275376
 20
589.2244872875002
 10
8878.346498791001
 20
589.4426269359377
 10
8880.300104312919
 20
591.8608738352722
 10
8881.947189117682
 20
594.5088828057836
 10
8883.298646624595
 20
597.3351005501673
 10
8884.365370252965
 20
600.2879737711186
 10
8885.158253422092
 20
603.315949171333
 10
8885.589906994126
 20
605.6721191234377
 10
8885.944001539838
 20
608.5847101778703
 10
8886.15321975749
 20
611.5234393575589
 10
8886.24750712351
 20
614.4766971722794
 10
8886.256809114322
 20
617.4328741318071
 10
8886.211071206348
 20
620.3803607459182
 10
8886.157045666001
 20
622.6423339671877
 10
8886.153871837876
 20
622.7332763500002
 10
8886.10488138107
 20
624.4839590656726
 10
8886.058435261346
 20
626.2348332280761
 10
8886.014571567583
 20
627.9858264683406
 10
8885.973328388658
 20
629.7368664175973
 10
8885.93474381345
 20
631.4878807069764
 10
8885.906801525376
 20
632.8394775218752
 10
8881.110311230033
 20
976.737257474287
 10
8881.107537342119
 20
976.9321422004658
 10
8881.104793925308
 20
977.1270201775634
 10
8881.102096215149
 20
977.3218990233544
 10
8881.099459447198
 20
977.5167863556152
 10
8881.097475353501
 20
977.6672363109377
 10
8881.093945918936
 20
977.9455680513303
 10
8881.090615882988
 20
978.2238854248654
 10
8881.087332890145
 20
978.5021960493183
 10
8881.083944584892
 20
978.7805075424657
 10
8881.080298611714
 20
979.058827522082
 10
8881.077211681626
 20
979.2736816234377
 10
8881.023989025376
 20
981.1148681468752
 10
8881.018088796696
 20
981.213216302944
 10
8881.009271227227
 20
981.3477690738736
 10
8880.999059872112
 20
981.5002971223229
 10
8880.988978286503
 20
981.6525711109526
 10
8880.980550025544
 20
981.7863617024221
 10
8880.976137462876
 20
981.8654784984377
 10
8880.778444469941
 20
986.6643017825628
 10
8880.646713262035
 20
991.4684476199155
 10
8880.560330138009
 20
996.2755659266812
 10
8880.498681396719
 20
1001.0833066190443
 10
8880.441153337018
 20
1005.8893196131902
 10
8880.386537853501
 20
1009.5965576000002
 10
8879.675798126429
 20
1053.8500775399418
 10
8878.926876502836
 20
1098.1055082719108
 10
8877.967177037834
 20
1142.35557101119
 10
8876.624103786533
 20
1186.5929869730617
 10
8874.725060804047
 20
1230.810477372809
 10
8872.769838634751
 20
1264.9250488109378
 10
8872.739076916001
 20
1265.4271240062503
 10
8872.71596057182
 20
1265.8873542145682
 10
8872.696805604646
 20
1266.3479711252357
 10
8872.681528218944
 20
1266.8088338094012
 10
8872.670044619179
 20
1267.2698013382144
 10
8872.662271009822
 20
1267.7307327828235
 10
8872.658754650376
 20
1268.0864257640628
 10
8872.658998791001
 20
1268.6666259593753
 10
8872.734382797335
 20
1271.7539000115723
 10
8872.907095381768
 20
1274.8830314690485
 10
8873.199761338243
 20
1278.0217895226574
 10
8873.6350054607
 20
1281.1379433632535
 10
8874.235452543076
 20
1284.1992621816905
 10
8874.826235119126
 20
1286.5045165843753
 10
8874.993471447251
 20
1287.0466308421878
 10
8876.035509095002
 20
1289.8086971620587
 10
8877.306994413857
 20
1292.567130938519
 10
8878.796203646958
 20
1295.2550938072468
 10
8880.491413037442
 20
1297.8057474039194
 10
8882.38089882845
 20
1300.1522533642146
 10
8883.964906994126
 20
1301.7817382640628
 10
8884.815737072251
 20
1302.4847411937503
 10
8887.242077044273
 20
1304.128422231925
 10
8889.784443491304
 20
1305.645921498159
 10
8892.404442823623
 20
1307.0646858384353
 10
8895.063681451513
 20
1308.4121620987366
 10
8897.723765785257
 20
1309.7157971250456
 10
8899.753481212876
 20
1310.7094726390628
 10
8900.540346447251
 20
1311.0430908031253
 10
8904.687785479704
 20
1312.8883876174195
 10
8908.58278412273
 20
1315.175314284596
 10
8912.355522545911
 20
1317.6766401721763
 10
8916.13618091883
 20
1320.1651346476817
 10
8920.054939411064
 20
1322.413567078634
 10
8923.256655041001
 20
1323.8414306468753
 10
8923.470766369126
 20
1323.9295654125003
 10
8923.489028649892
 20
1323.9371925099438
 10
8923.539742521432
 20
1323.9588803507418
 10
8923.616798527604
 20
1323.992838757596
 10
8923.714087212264
 20
1324.037277553208
 10
8923.825499119272
 20
1324.09040656028
 10
8923.917299572251
 20
1324.1362304515628
 10
8924.636537853501
 20
1324.5406493968753
 10
8924.88722023708
 20
1324.694678838689
 10
8925.136230051137
 20
1324.8517322701618
 10
8925.383521589016
 20
1325.011645909115
 10
8925.629049144063
 20
1325.1742559733705
 10
8925.872767009625
 20
1325.3393986807496
 10
8926.059633556626
 20
1325.4685058421878
 10
8929.908266369126
 20
1328.7550048656253
 10
8930.672670666001
 20
1329.5850829906253
 10
8931.858831101721
 20
1331.016734152099
 10
8932.950892629142
 20
1332.5095458953128
 10
8933.960106703027
 20
1334.0561746844562
 10
8934.897724778144
 20
1335.6492769837173
 10
8935.774998309254
 20
1337.2815092572857
 10
8936.418031994126
 20
1338.5635986156253
 10
8936.660951916001
 20
1339.0734863109378
 10
8938.597231212876
 20
1344.3693847484378
 10
8938.874574962876
 20
1345.4644775218753
 10
8939.996645275376
 20
1352.7095947093753
 10
8940.637175600574
 20
1362.0722803804588
 10
8941.164813296547
 20
1371.4600785836312
 10
8941.57971071881
 20
1380.8618711752038
 10
8942.071894164263
 20
1399.662966948792
 10
8942.141664806626
 20
1406.9036865062503
 10
8942.120745342907
 20
1410.2987717592437
 10
8942.03122152781
 20
1413.6852209938795
 10
8941.884337198328
 20
1417.0665117247825
 10
8941.691336191445
 20
1420.4461214665762
 10
8941.46346234415
 20
1423.8275277338855
 10
8941.270815197251
 20
1426.4411620921878
 10
8941.148012462876
 20
1428.1473388500003
 10
8940.756456776193
 20
1430.8746774701629
 10
8940.119112220535
 20
1433.5344263063605
 10
8939.273747728004
 20
1436.1327100502867
 10
8938.258132230712
 20
1438.675653393634
 10
8937.110034660767
 20
1441.169381028096
 10
8936.157045666001
 20
1443.0645751781253
 10
8935.672426525376
 20
1444.0831298656253
 10
8934.376034955212
 20
1446.93607472476
 10
8933.004651595687
 20
1449.7436569993804
 10
8931.58867898977
 20
1452.5248411421858
 10
8930.15851968043
 20
1455.2985916058751
 10
8928.744576210634
 20
1458.0838728431468
 10
8927.683412853501
 20
1460.2537841625003
 10
8924.828003324565
 20
1467.178483615092
 10
8922.619056282421
 20
1474.4208119713153
 10
8920.946411072131
 20
1481.8700715230384
 10
8919.699907038748
 20
1489.4155645621295
 10
8918.769383527333
 20
1496.946593380457
 10
8918.197573009751
 20
1502.6801757640628
 10
8918.07544064657
 20
1504.0925722570792
 10
8917.972673203785
 20
1505.5064770028587
 10
8917.88994866344
 20
1506.9216614681297
 10
8917.827945007572
 20
1508.3378971196198
 10
8917.787340218223
 20
1509.754955424057
 10
8917.771059337876
 20
1510.8492431468753
 10
8917.706058294681
 20
1525.875904945163
 10
8917.72611345874
 20
1540.9078806765576
 10
8917.75790373858
 20
1555.9418223286232
 10
8917.728108042724
 20
1570.9743818889226
 10
8917.563405279698
 20
1586.0022113450195
 10
8917.297670666001
 20
1597.5972900218753
 10
8917.274803638073
 20
1598.3361069239836
 10
8917.250585590951
 20
1599.0749965290743
 10
8917.226875261922
 20
1599.813943601595
 10
8917.205531388261
 20
1600.552932905995
 10
8917.18841270725
 20
1601.2919492067226
 10
8917.179262462876
 20
1601.8624267406253
 10
8917.179018322251
 20
1601.8988036937503
 10
8917.179113210335
 20
1601.907442518651
 10
8917.179437500385
 20
1601.9132190311216
 10
8917.180129181059
 20
1601.9155029270237
 10
8917.18132537232
 20
1601.9109461939204
 10
8917.182680431626
 20
1601.9006347484378
 10
8917.190004650376
 20
1601.7440185375003
 10
8917.147242360625
 20
1601.8673337944274
 10
8917.126127651036
 20
1602.032419720972
 10
8917.120299678865
 20
1602.2182588738738
 10
8917.123397601374
 20
1602.4038338098728
 10
8917.129060575819
 20
1602.5681270857087
 10
8917.131166759751
 20
1602.6671142406253
 10
8917.133364025376
 20
1602.7286376781253
 10
8917.146333096132
 20
1603.596279146483
 10
8917.151776873681
 20
1604.464215569769
 10
8917.15241490396
 20
1605.332302210244
 10
8917.150966732908
 20
1606.2003943301697
 10
8917.150151906464
 20
1607.0683471918062
 10
8917.151674572251
 20
1607.7381591625003
 10
8917.425840251262
 20
1659.718231923573
 10
8917.76537633517
 20
1711.6990112667509
 10
8917.943715702675
 20
1737.6895706844323
 10
8918.28565193621
 20
1789.6708385675875
 10
8918.565417964353
 20
1841.6520512552738
 10
8918.73199754299
 20
1893.6329040364622
  0
LWPOLYLINE
  5
7D
330
17
100
AcDbEntity
  8
0
100
AcDbPolyline
 90
35
 70
0
 10
8809.432436291001
 20
1556.1986083812503
 10
8809.278999513539
 20
1556.246676958693
 10
8808.509499474962
 20
1556.464403853853
 10
8807.679491308696
 20
1556.6610306117689
 10
8806.82628582384
 20
1556.822685794829
 10
8805.987193829491
 20
1556.9354979654229
 10
8805.199526134751
 20
1556.9855956859378
 10
8805.04618198732
 20
1556.986104950149
 10
8804.289230758044
 20
1556.9331631151495
 10
8803.489568534742
 20
1556.8084301092845
 10
8802.681592317385
 20
1556.638083403092
 10
8801.89969910594
 20
1556.44830046711
 10
8801.178285900376
 20
1556.2652587718753
 10
8801.095509719684
 20
1556.2432009100553
 10
8800.708080448192
 20
1556.1103310166868
 10
8800.322707351672
 20
1555.93825654438
 10
8799.944722016777
 20
1555.740657765877
 10
8799.579456030167
 20
1555.5312149539197
 10
8799.232240978501
 20
1555.3236083812503
 10
8798.582827182203
 20
1554.9026083756173
 10
8794.428908529357
 20
1549.4881932555193
 10
8794.015204389758
 20
1542.766692209521
 10
8795.342104259751
 20
1539.5278320140628
 10
8795.609573436392
 20
1539.1077653090208
 10
8798.80973021414
 20
1535.940723792799
 10
8802.944780426784
 20
1534.2397786423687
 10
8805.213198009751
 20
1533.9857177562503
 10
8806.286687915777
 20
1534.0427088445867
 10
8814.18783710777
 20
1538.4465672599088
 10
8816.23750754451
 20
1542.4432657775303
 10
8815.085024181626
 20
1551.4497070140628
 10
8814.928429482443
 20
1551.7009158019744
 10
8813.094234786467
 20
1553.9219782856749
 10
8811.96805790639
 20
1554.870343182831
 10
8810.738465660637
 20
1555.6454953417897
  0
LWPOLYLINE
  5
7E
330
17
100
AcDbEntity
  8
0
100
AcDbPolyline
 90
32
 70
0
 10
8847.679018322251
 20
724.9743652171877
 10
8847.525523641933
 20
724.9749280423656
 10
8846.76784372061
 20
724.9220831788147
 10
8845.96744904524
 20
724.7972636640312
 10
8845.158777978251
 20
724.6267399860056
 10
8844.376268882072
 20
724.4367826327283
 10
8843.654360119126
 20
724.2536620921877
 10
8843.571583972323
 20
724.2316192801478
 10
8843.184160833582
 20
724.0988196190109
 10
8842.798818963103
 20
723.9268153789354
 10
8842.420910612618
 20
723.7292868326639
 10
8842.055788033842
 20
723.5199142529383
 10
8841.708803478501
 20
723.3123779125002
 10
8841.51499534109
 20
723.1932122197028
 10
8837.821108166001
 20
719.4393310375002
 10
8837.306565890764
 20
718.4956134693426
 10
8836.970774589166
 20
709.5268921662549
 10
8847.690492931626
 20
701.9742431468752
 10
8848.764212461905
 20
702.0312463111817
 10
8856.6684690052
 20
706.4350488376723
 10
8858.719499382489
 20
710.4317214404988
 10
8857.566713634751
 20
719.4384765453127
 10
8857.410058719503
 20
719.689684748629
 10
8855.57528348628
 20
721.9107191693084
 10
8854.448787185072
 20
722.8590879323818
 10
8853.218842306476
 20
723.6342834422952
 10
8851.912416759751
 20
724.1874999828127
 10
8851.758948762492
 20
724.2355803676732
 10
8850.989311454174
 20
724.4532834216901
 10
8850.159178649385
 20
724.6498125305137
 10
8849.305871454731
 20
724.8113685972797
 10
8848.46671097682
 20
724.9241525251258
  0
LWPOLYLINE
  5
7F
330
17
100
AcDbEntity
  8
0
100
AcDbPolyline
 90
26
 70
0
 10
8827.205385509751
 20
1836.4724120921878
 10
8828.180185857134
 20
1816.3010588471693
 10
8833.194155041001
 20
1815.1343993968753
 10
8835.341107302043
 20
1815.3434058144883
 10
8841.558071397278
 20
1818.697101837719
 10
8844.129478322458
 20
1823.0768959927623
 10
8842.94281846087
 20
1832.783287077535
 10
8839.185121837876
 20
1836.4732665843753
 10
8838.980165750869
 20
1836.5954727087546
 10
8838.603997541959
 20
1836.8114519128287
 10
8838.215805758246
 20
1837.0162331808228
 10
8837.819199496502
 20
1837.1986190586413
 10
8837.417787853501
 20
1837.3474120921878
 10
8836.943765698907
 20
1837.4904322188663
 10
8835.053198697657
 20
1837.9294376860921
 10
8834.086892497511
 20
1838.071492326177
 10
8833.180727306626
 20
1838.1343993968753
 10
8832.709519472124
 20
1838.1228324087876
 10
8831.814073707543
 20
1838.017884633369
 10
8830.88856081222
 20
1837.8384929711797
 10
8829.984310162505
 20
1837.6239564759878
 10
8829.152651134751
 20
1837.4135742015628
 10
8828.90379385373
 20
1837.3403947454203
 10
8828.46114242799
 20
1837.1645060581568
 10
8828.025115391414
 20
1836.9475320841323
 10
8827.603825500002
 20
1836.7099937774435
  0
LWPOLYLINE
  5
80
330
17
100
AcDbEntity
  8
0
100
AcDbPolyline
 90
35
 70
0
 10
8828.895571056626
 20
1057.5568847484378
 10
8828.74171276115
 20
1057.5574602086886
 10
8827.982279498116
 20
1057.504619342945
 10
8827.180061367344
 20
1057.3797399855987
 10
8826.369527728886
 20
1057.2091287885362
 10
8825.585147942795
 20
1057.0190924036456
 10
8824.861391369126
 20
1056.8359374828128
 10
8824.778433421881
 20
1056.8139085174732
 10
8824.390135145683
 20
1056.6811467378905
 10
8824.003889354271
 20
1056.5091515958884
 10
8823.625068964433
 20
1056.311624029275
 10
8823.259046892956
 20
1056.1022649758559
 10
8822.911196056626
 20
1055.8947753734378
 10
8822.044132261288
 20
1055.320621316106
 10
8817.53699019841
 20
1047.780113629552
 10
8819.503179899551
 20
1039.3783660155748
 10
8822.912172619126
 20
1036.2248534984378
 10
8823.138978174446
 20
1036.0922861127383
 10
8825.347243126302
 20
1035.1280412770675
 10
8826.505630254527
 20
1034.8247685423532
 10
8827.693822311065
 20
1034.6356522121923
 10
8828.907045666001
 20
1034.5568847484378
 10
8829.400046326686
 20
1034.5710064008817
 10
8837.42638608185
 20
1038.2761153615052
 10
8838.806459728501
 20
1040.0986327953128
 10
8839.20650556883
 20
1040.819919089756
 10
8840.312676152516
 20
1044.4745622837497
 10
8838.938428434054
 20
1051.9012828724158
 10
8836.565158491674
 20
1054.858991402711
 10
8833.139223400376
 20
1056.7700195140628
 10
8832.985360499591
 20
1056.81808487456
 10
8832.21380010122
 20
1057.035722295907
 10
8831.381657855942
 20
1057.232204592033
 10
8830.526316865551
 20
1057.3937481648734
 10
8829.685160231846
 20
1057.5065694163634
  0
LWPOLYLINE
  5
81
330
17
100
AcDbEntity
  8
0
100
AcDbPolyline
 90
93
 70
0
 10
9473.033959384751
 20
1584.8212594156844
 10
9412.709023471665
 20
1583.3988350992786
 10
9404.682595249009
 20
1584.7958535318958
 10
9401.253563876939
 20
1586.2436837320913
 10
9397.443673129868
 20
1588.7582558756458
 10
9394.471871372056
 20
1592.6698464518174
 10
9392.134987827134
 20
1596.835419571935
 10
9388.68062686522
 20
1604.6078652506455
 10
9382.076584811997
 20
1615.1742715006458
 10
9372.399231906724
 20
1622.2100228434192
 10
9367.065255161118
 20
1623.9626473551384
 10
9358.607003207993
 20
1624.7246712809197
 10
9344.56083011229
 20
1623.5816353922476
 10
9106.0548181494
 20
1601.2804574137317
 10
9071.079003330064
 20
1599.756485856115
 10
9065.89742374022
 20
1598.7912911539659
 10
9061.528622623277
 20
1597.2926491861929
 10
9058.35363101561
 20
1595.4129952555286
 10
9053.324429508042
 20
1590.8664864664665
 10
9048.752400394273
 20
1584.0084237223257
 10
9047.152211185288
 20
1580.0715035563096
 10
9045.806023593736
 20
1574.7628182535757
 10
9045.425011630845
 20
1571.2069100504505
 10
9047.279221530747
 20
1441.4891213541612
 10
9045.501210208726
 20
1434.2755288248645
 10
9042.402398105454
 20
1427.4428719645125
 10
9038.694016452622
 20
1422.5660103922478
 10
9035.747620578599
 20
1420.7878274088484
 10
9028.635613437486
 20
1418.4507912760364
 10
9013.116204257798
 20
1415.9617776041616
 10
9005.902611728501
 20
1412.5079506998648
 10
9003.819825168443
 20
1411.1618966227165
 10
8999.984433170152
 20
1406.4879006510366
 10
8995.895020480943
 20
1398.7408608561148
 10
8994.14241504271
 20
1392.4927682047478
 10
8993.583619113755
 20
1387.2088784342398
 10
8993.685204501939
 20
1374.4327706461538
 10
8996.047417636704
 20
1177.5577706461538
 10
8996.631619449448
 20
1172.6297921305288
 10
8999.1208047827
 20
1166.1019295817007
 10
9000.822617526841
 20
1162.9778451090444
 10
9003.032395358872
 20
1160.1587838297476
 10
9008.188626285386
 20
1156.4249581461538
 10
9013.700425144028
 20
1153.6817330484978
 10
9022.184006686997
 20
1151.2938851481067
 10
9025.15580844481
 20
1150.9130257731067
 10
9029.727799411607
 20
1150.9130257731067
 10
9417.941414829087
 20
1154.2408150797476
 10
9423.02144717772
 20
1155.0528878336547
 10
9431.174828525376
 20
1158.4569710856065
 10
9433.613183017564
 20
1160.3368538981065
 10
9440.445839877915
 20
1169.9378365641226
 10
9442.604805942368
 20
1176.0588997965458
 10
9442.909600253892
 20
1178.8018197184194
 10
9442.909600253892
 20
1181.8497628336536
 10
9441.792046542954
 20
1209.2818612223252
 10
9439.963204379868
 20
1214.1077584391226
 10
9435.823037143538
 20
1220.0008553629505
 10
9430.311181064439
 20
1225.4107064371694
 10
9425.25663089354
 20
1228.1798714762313
 10
9422.513405795884
 20
1229.246918595373
 10
9418.627221103501
 20
1230.186860001623
 10
9388.65522098143
 20
1231.7359322672476
 10
9385.63260745604
 20
1232.9297799234976
 10
9378.31742953856
 20
1237.1969002848252
 10
9375.396401401353
 20
1239.86383143717
 10
9373.339058872056
 20
1243.4197396402944
 10
9371.10379886229
 20
1250.5567330484976
 10
9371.10379886229
 20
1331.1258858805286
 10
9371.71342563231
 20
1334.5548409586536
 10
9373.2374353369
 20
1338.6698311930284
 10
9377.428414340806
 20
1344.8419350748648
 10
9380.222413059068
 20
1347.3057717447866
 10
9385.403992648911
 20
1349.7437447672478
 10
9391.16986941893
 20
1350.8868569498648
 10
9397.570626254868
 20
1351.2178963785752
 10
9561.883217807603
 20
1351.7757577067002
 10
9566.42980289061
 20
1352.8428811197866
 10
9571.778313632798
 20
1355.9185189371694
 10
9576.473366733384
 20
1359.9213570719348
 10
9580.356118198228
 20
1364.7162026529898
 10
9583.295342441392
 20
1370.1408547525984
 10
9584.844872470689
 20
1375.2208108072866
 10
9585.149590488267
 20
1378.1917733317005
 10
9585.022637363267
 20
1393.8387459879502
 10
9584.336754794907
 20
1537.9328316813094
 10
9580.17965030272
 20
1569.6376198893176
 10
9578.342339511704
 20
1573.3404702311148
 10
9574.756676669907
 20
1576.9716805582627
 10
9570.472542758775
 20
1579.7445840006453
 10
9565.69135379393
 20
1581.5288704996697
 10
9560.638024326157
 20
1582.2404641275982
 10
9506.48580264647
 20
1582.8908700113877
  0
CIRCLE
  5
82
330
17
100
AcDbEntity
  8
0
100
AcDbCircle
 10
9053.994748111558
 20
1369.3888253336536
 30
0.0
 40
12.00000047683727
  0
CIRCLE
  5
83
330
17
100
AcDbEntity
  8
0
100
AcDbCircle
 10
9053.97588443358
 20
1185.8080453043567
 30
0.0
 40
12.00000047683727
  0
LWPOLYLINE
  5
84
330
17
100
AcDbEntity
  8
0
100
AcDbPolyline
 90
89
 70
0
 10
9058.626242384751
 20
788.6663419740647
 10
9057.916556105454
 20
773.6289579408611
 10
9058.726454481919
 20
767.0182783143968
 10
9060.519552931626
 20
760.9187871950119
 10
9063.719053969224
 20
754.729898645207
 10
9067.569494948228
 20
750.5403692262616
 10
9072.340079054673
 20
747.4388677614184
 10
9078.701010451157
 20
745.095403863713
 10
9085.166006789048
 20
743.982008172795
 10
9094.73433564647
 20
743.8872129457441
 10
9104.46349214061
 20
744.863203241154
 10
9117.743559584458
 20
747.3962957399334
 10
9133.544035658677
 20
751.7027074830974
 10
9176.083670363267
 20
764.1441137330975
 10
9207.30643342479
 20
773.1364614503831
 10
9221.091414198716
 20
775.9948904054611
 10
9231.93160127147
 20
777.5043661134687
 10
9244.407492384751
 20
778.3354551332441
 10
9272.121840224107
 20
778.2021505372966
 10
9345.784102186997
 20
777.3489553468671
 10
9557.893629774888
 20
774.2857152955979
 10
9564.409590468247
 20
775.7004720705
 10
9570.51760743602
 20
778.3745557802167
 10
9573.765059218247
 20
780.6045515077558
 10
9576.562758192857
 20
783.3778936403246
 10
9578.821135268052
 20
786.6056997316332
 10
9580.467711195786
 20
790.1844770448654
 10
9582.48782227977
 20
797.9857618349047
 10
9583.074064955552
 20
805.7867414491625
 10
9585.149641737778
 20
1023.6326486604663
 10
9583.117171034653
 20
1030.1315528886764
 10
9579.84606812938
 20
1036.1036569612475
 10
9577.705641493638
 20
1038.788355066106
 10
9572.375441298325
 20
1043.088806344792
 10
9569.298887953599
 20
1044.6131736772506
 10
9562.938719496568
 20
1046.503537370488
 10
9556.331969008286
 20
1047.1168643968556
 10
9538.268995985825
 20
1047.199805452153
 10
9531.303892836411
 20
1048.6276752489064
 10
9524.878493056138
 20
1051.2556821840258
 10
9522.371855482896
 20
1052.937830163762
 10
9520.208235487778
 20
1055.0429327028246
 10
9517.75622437938
 20
1058.840578271672
 10
9516.070738539536
 20
1063.9937479036305
 10
9515.428648695786
 20
1067.857778741643
 10
9515.124159560044
 20
1077.40834064655
 10
9515.411635145982
 20
1096.6145498292897
 10
9515.900984511216
 20
1112.4505025880785
 10
9515.929747328599
 20
1121.5387804048505
 10
9514.726668104966
 20
1128.3408433931322
 10
9512.330351576646
 20
1134.8194868104906
 10
9509.172774061997
 20
1139.9971944826098
 10
9506.545820936997
 20
1142.7004606264088
 10
9503.481093153794
 20
1144.894998742864
 10
9500.075789198716
 20
1146.5112287538498
 10
9494.034910902818
 20
1148.1411726015065
 10
9487.249479994614
 20
1148.7324125307057
 10
9437.869368300278
 20
1148.511560632512
 10
9205.596419081528
 20
1151.4202863710377
 10
9198.679533705552
 20
1150.5352956788986
 10
9192.588453993638
 20
1148.5572416322675
 10
9187.071142897446
 20
1145.3055936830492
 10
9183.84280274852
 20
1142.5044042604413
 10
9180.524550185044
 20
1138.2319814699142
 10
9178.345862135728
 20
1133.2804853456469
 10
9177.037611708482
 20
1126.4381296174975
 10
9176.734038100083
 20
1114.8614866273851
 10
9176.860304579575
 20
1100.991905404851
 10
9176.542082533677
 20
1081.050766183659
 10
9177.3937518452
 20
1065.1867372529953
 10
9176.504584059556
 20
1058.7251550691576
 10
9174.629317030747
 20
1052.8404886262863
 10
9171.6422183369
 20
1048.0668766038864
 10
9167.427626356919
 20
1044.6394712465258
 10
9163.221731886704
 20
1042.9349357622114
 10
9157.886877760728
 20
1041.8108732240646
 10
9150.271635756333
 20
1041.3094741838422
 10
9125.217085585435
 20
1041.5664131181686
 10
9087.820807204087
 20
1041.7623598115895
 10
9081.658583388169
 20
1040.4735881822555
 10
9076.727781996568
 20
1038.215749933049
 10
9072.604780897935
 20
1035.1269800203293
 10
9069.155417189439
 20
1031.30051441364
 10
9066.509505019028
 20
1026.88024349384
 10
9064.766455397446
 20
1022.0323974626509
 10
9063.636656508286
 20
1014.9152166383709
 10
9063.600455031235
 20
1005.7305247323958
 10
9063.832541212876
 20
989.6286208169906
 10
9059.192534193833
 20
801.6991788881268
  0
LWPOLYLINE
  5
85
330
17
100
AcDbEntity
  8
0
100
AcDbPolyline
 90
88
 70
0
 10
9584.457253384751
 20
1635.3537731000004
 10
9583.953713345689
 20
1648.3859424420411
 10
9582.151040005845
 20
1730.6658820935306
 10
9580.253609585921
 20
1845.6637029477172
 10
9580.537270474593
 20
1861.6241745778138
 10
9579.441689419906
 20
1868.7467651196537
 10
9577.722023892564
 20
1873.6029510327392
 10
9575.097359585921
 20
1878.0359153576903
 10
9571.666573453109
 20
1881.8789653607425
 10
9567.558449673814
 20
1884.9875812359867
 10
9562.638558316392
 20
1887.2691325970704
 10
9556.482705044906
 20
1888.5875825711303
 10
9552.003792691392
 20
1888.90339658938
 10
9536.501320767564
 20
1888.8106756039676
 10
9490.216072964828
 20
1888.5919503994999
 10
9482.842720914046
 20
1889.6424274273927
 10
9478.10257809178
 20
1891.2222461529789
 10
9474.646004605453
 20
1893.3947305508673
 10
9471.08597652928
 20
1897.4980144330077
 10
9468.704384732406
 20
1902.8189735241945
 10
9467.320259976546
 20
1909.1928844281251
 10
9466.99417965428
 20
1915.7071952649171
 10
9468.015450406234
 20
1938.76028822146
 10
9467.750252652328
 20
1952.8715877362308
 10
9467.674721646468
 20
1973.692253095728
 10
9466.399697232406
 20
1980.5408267804205
 10
9464.244240689439
 20
1985.504148466211
 10
9460.945443082017
 20
1989.79339407168
 10
9455.978402066392
 20
1993.8344173260743
 10
9450.253609585921
 20
1996.7027072735843
 10
9446.14945309178
 20
1997.8935031720218
 10
9439.236916470687
 20
1998.8118152447757
 10
9425.010231900374
 20
1998.9999751874025
 10
9150.785912442367
 20
1996.9227580853517
 10
9144.737252164048
 20
1995.321958524805
 10
9141.326989102523
 20
1993.7237338849125
 10
9138.254021573228
 20
1991.5464000531254
 10
9135.615548062484
 20
1988.858869535547
 10
9133.49518673436
 20
1985.7462673016603
 10
9131.493004727525
 20
1981.591947538477
 10
9130.000771451158
 20
1977.2283916302736
 10
9128.763207364243
 20
1970.4277400799806
 10
9128.605278897447
 20
1964.2366771527345
 10
9129.161080289048
 20
1945.499628049951
 10
9128.733986783189
 20
1914.8029308148439
 10
9127.21947567479
 20
1909.130685789209
 10
9125.924767422837
 20
1906.4000778027587
 10
9124.16024105565
 20
1903.94676969729
 10
9120.761879849595
 20
1900.9585695096068
 10
9116.324013638658
 20
1898.7047557660155
 10
9109.577492642564
 20
1896.7646484204347
 10
9102.522133755845
 20
1895.8864097424564
 10
9090.806206631822
 20
1896.1433820553834
 10
9084.671257901353
 20
1896.07015894137
 10
9078.147667813462
 20
1894.8402623959596
 10
9071.926812100572
 20
1892.2412423916871
 10
9066.581353116197
 20
1887.9666690655763
 10
9064.430474209945
 20
1885.29321954928
 10
9061.134118008775
 20
1879.339898092371
 10
9058.986061978501
 20
1872.1669034787233
 10
9058.641442227525
 20
1849.0426997967775
 10
9058.960122037095
 20
1761.4099387951908
 10
9060.29534237401
 20
1649.863927824121
 10
9061.81549923436
 20
1641.9499950238285
 10
9064.258431363267
 20
1635.800073606592
 10
9066.501168179673
 20
1632.5614528485355
 10
9069.285515713853
 20
1629.774682981592
 10
9072.52221004979
 20
1627.529104215723
 10
9078.617180752915
 20
1624.8255710431151
 10
9085.12604610936
 20
1623.3794002362308
 10
9092.494133877915
 20
1623.0090694256837
 10
9125.605172085923
 20
1623.7563876935058
 10
9392.375954556626
 20
1626.0099773236332
 10
9404.872597623033
 20
1625.59058950625
 10
9417.301796841783
 20
1624.228914243799
 10
9431.136330533189
 20
1621.6208057232914
 10
9444.673623013656
 20
1618.1082515545902
 10
9529.537056851548
 20
1593.368223173242
 10
9542.877968716783
 20
1591.1782817669925
 10
9553.405007291001
 20
1590.6024150677733
 10
9561.963204312484
 20
1591.3915996380858
 10
9568.472756314439
 20
1593.2837467022948
 10
9573.823098111314
 20
1596.1128024884276
 10
9578.02872555272
 20
1599.9456195660648
 10
9581.150216031234
 20
1604.7031383343754
 10
9583.466652798814
 20
1610.623720152002
 10
9584.782875943345
 20
1616.8435268231444
 10
9585.149697232408
 20
1623.7964610882816
  0
LWPOLYLINE
  5
86
330
17
100
AcDbEntity
  8
0
100
AcDbPolyline
 90
92
 70
0
 10
9068.79639538475
 20
69.0305666459298
 10
9069.891213499985
 20
60.825438929865356
 10
9071.548127257309
 20
55.31075997478706
 10
9075.14405163475
 20
48.535304499933716
 10
9078.564728819809
 20
44.493079615900456
 10
9082.814835631332
 20
41.33449120647623
 10
9087.916421019516
 20
39.24005074627116
 10
9095.193413817367
 20
37.91430993206223
 10
9105.303658568344
 20
37.719836665460676
 10
9134.550484740219
 20
37.49854607708178
 10
9205.502404295883
 20
36.37765450603739
 10
9275.486153685531
 20
35.18121285564637
 10
9290.895241820297
 20
34.68116326458221
 10
9299.084023558578
 20
34.12635369426971
 10
9304.379662596664
 20
34.6310190690254
 10
9309.508446776352
 20
36.04299111492401
 10
9314.951943480453
 20
38.83550210125219
 10
9318.185052000961
 20
41.33382363445497
 10
9320.940865599594
 20
44.354205561945726
 10
9323.289956175766
 20
48.09056801922049
 10
9325.147561156235
 20
52.44954629070481
 10
9326.75034435936
 20
59.35939355022669
 10
9329.228524291
 20
76.09971566326378
 10
9332.219781004867
 20
82.03353448040205
 10
9335.781716429672
 20
86.0990480912423
 10
9337.828072630844
 20
87.6840548051096
 10
9342.513894164047
 20
89.84988732464068
 10
9345.047158324203
 20
90.38161797649586
 10
9353.337334715805
 20
90.8201555741523
 10
9491.806038939438
 20
89.24748940593945
 10
9497.006386839828
 20
87.64386696941601
 10
9501.671685301742
 20
84.84212441570536
 10
9503.64373120018
 20
83.02236123211115
 10
9506.71402844139
 20
78.63732857830244
 10
9508.277596556625
 20
74.16875405437683
 10
9508.93425854393
 20
68.02791161663303
 10
9509.723519408188
 20
59.390635920832324
 10
9511.382226073227
 20
52.855143977472665
 10
9514.137658202133
 20
46.70117898113455
 10
9516.82747753807
 20
42.60972542888862
 10
9520.494546019516
 20
38.78903908855693
 10
9524.984673582992
 20
35.79934640056837
 10
9530.095910155258
 20
33.78701729900604
 10
9535.428322874985
 20
32.90877862102724
 10
9556.983193480453
 20
33.08814568645694
 10
9564.97200878807
 20
34.43053765423054
 10
9568.823708617172
 20
35.69709344036307
 10
9572.462624632797
 20
37.48555703289249
 10
9577.369393431625
 20
41.06862588054873
 10
9580.593041502914
 20
44.56239266521664
 10
9583.28598889061
 20
49.30148644573456
 10
9584.707955443344
 20
54.25473733074439
 10
9585.149621092758
 20
59.08969445354684
 10
9584.322747313461
 20
69.20466942913305
 10
9551.42693432518
 20
386.06841607219945
 10
9550.947655760727
 20
402.3193315995432
 10
9550.823296629867
 20
434.84473748333204
 10
9552.392205321274
 20
554.1105227006169
 10
9554.021081053696
 20
636.4051393998359
 10
9558.1396571035
 20
673.1056551469064
 10
9561.489571654281
 20
694.1263155472968
 10
9561.628045165024
 20
701.6366915238593
 10
9560.366448485336
 20
710.6675295365544
 10
9557.535561644516
 20
720.6150393021796
 10
9542.810448729477
 20
757.7984957230778
 10
9538.624657713852
 20
763.4604982865549
 10
9533.478173338852
 20
768.2661013138979
 10
9528.998269164047
 20
771.059985591242
 10
9524.045189940414
 20
772.8883699906561
 10
9518.449486815414
 20
773.855243159601
 10
9415.432976805649
 20
774.540210200617
 10
9296.228264891586
 20
775.1625399125309
 10
9293.147820555649
 20
774.5387606156559
 10
9287.365502440414
 20
772.1087221635079
 10
9283.392876707992
 20
769.2227510941717
 10
9279.759759032211
 20
765.7087282670228
 10
9271.41041668602
 20
755.7065920365548
 10
9259.143761717758
 20
741.0357241166324
 10
9158.892678343735
 20
623.7867311967108
 10
9148.96313580223
 20
614.6927980912418
 10
9138.519906126938
 20
606.1937288773748
 10
9125.165833556137
 20
597.0664553178045
 10
9111.098565184555
 20
589.0823702347967
 10
9098.049553954086
 20
582.8835634721012
 10
9090.699433409653
 20
579.4862703812811
 10
9085.65674694725
 20
576.128802729914
 10
9082.620667540512
 20
572.913089228937
 10
9079.88152416893
 20
567.7030519974919
 10
9078.150300108871
 20
560.4895357621402
 10
9077.630318724594
 20
553.5038332474921
 10
9077.346467101059
 20
489.19566674358566
 10
9069.120644652328
 20
112.15114159710161
  0
LWPOLYLINE
  5
87
330
17
100
AcDbEntity
  8
0
100
AcDbPolyline
 90
85
 70
0
 10
10226.649588384751
 20
1534.9709971000002
 10
10228.14979845995
 20
1883.1118828157003
 10
10227.49035663935
 20
1889.7795651897002
 10
10226.391288129249
 20
1895.0550938000003
 10
10223.60698179275
 20
1903.4812865047002
 10
10220.52958901175
 20
1909.9291549385002
 10
10217.81855398865
 20
1913.1530903463001
 10
10207.48730951735
 20
1920.1871280964003
 10
10200.52654188975
 20
1923.0447069372
 10
10195.39755471535
 20
1924.2903180741002
 10
10188.36351577435
 20
1924.8764873904004
 10
10142.04519541565
 20
1922.7858743494003
 10
10136.03109325245
 20
1924.1575112879002
 10
10127.59024652325
 20
1927.5338497414002
 10
10121.259611476351
 20
1931.8597844642002
 10
10117.25020963725
 20
1936.7132712144003
 10
10114.29591304385
 20
1943.0439062613002
 10
10111.53193179765
 20
1953.6196317845004
 10
10110.49260240425
 20
1967.9798886452004
 10
10109.48187961975
 20
1973.0897702109003
 10
10106.25444534775
 20
1978.9342643961004
 10
10101.42067394705
 20
1984.5884432341004
 10
10092.23927200735
 20
1992.9858959491003
 10
10088.22987016825
 20
1995.3071291569004
 10
10083.05985053435
 20
1997.4173408392003
 10
10075.14655702345
 20
1998.9999993032004
 10
9755.95607874695
 20
1998.4758532498004
 10
9752.07795338755
 20
1997.8236973554003
 10
9746.064462156051
 20
1995.1319501487003
 10
9742.838492691051
 20
1992.5572803210005
 10
9739.683758100451
 20
1988.3848907170004
 10
9737.292266556251
 20
1983.9580867642003
 10
9732.30694122155
 20
1970.2374444300003
 10
9730.37577182705
 20
1960.4466649148003
 10
9730.028685006479
 20
1936.7549482095535
 10
9731.080286830851
 20
1902.3015952555002
 10
9730.21509917175
 20
1892.5102131449003
 10
9726.62773919275
 20
1880.1654747439002
 10
9723.67344379025
 20
1872.9907547859002
 10
9719.664041951151
 20
1865.499504326
 10
9714.70504384275
 20
1860.7515277431
 10
9708.79645184685
 20
1856.2145726857002
 10
9698.22851123695
 20
1851.8337731999002
 10
9657.498620251432
 20
1837.8233903407863
 10
9623.00368715845
 20
1824.9100048446003
 10
9615.09376984905
 20
1820.7807424932003
 10
9607.370395115651
 20
1815.1464778850002
 10
9601.145270236051
 20
1809.1112729738002
 10
9594.076061636251
 20
1796.9986576554002
 10
9591.754828428451
 20
1790.1404693902
 10
9591.60593258325
 20
1775.3502499935
 10
9588.37935218655
 20
1602.1554836465002
 10
9589.79641838735
 20
1592.0074174587
 10
9593.034271119548
 20
1582.1970475164953
 10
9597.795194700251
 20
1572.1631232612
 10
9602.00829045715
 20
1566.4846024272001
 10
9606.282446038851
 20
1561.9051501033002
 10
9612.44944189855
 20
1557.6309945216
 10
9618.31114101605
 20
1556.1655694445
 10
9748.893663040752
 20
1559.8375595411
 10
9756.86557384055
 20
1558.1142200601
 10
9763.22844774135
 20
1555.8105716817001
 10
9767.41956305695
 20
1553.1053982684002
 10
9773.676926790451
 20
1547.3697261434002
 10
9778.43076379225
 20
1539.2835115707
 10
9783.12012308625
 20
1519.3537357621
 10
9786.12424455385
 20
1515.3970884112002
 10
9794.25735200495
 20
1507.7036088405002
 10
9798.873439985551
 20
1504.6994873729002
 10
9804.22223990925
 20
1502.4280790393002
 10
9818.608100057138
 20
1500.4175391915487
 10
9838.743235129532
 20
1501.1269826027624
 10
9865.186908016072
 20
1502.803895847817
 10
9929.078695912816
 20
1507.0775097083567
 10
9976.469436898751
 20
1509.3334888713002
 10
10102.56638881925
 20
1507.5842449335
 10
10143.609919442359
 20
1503.5750811657388
 10
10171.247923601451
 20
1500.0229755081002
 10
10198.97257935215
 20
1500.3380281031002
 10
10207.35381320005
 20
1501.5452446240001
 10
10213.12735237235
 20
1504.1281435707
 10
10217.989280221751
 20
1509.9016827430003
 10
10221.483790491351
 20
1515.2194168493004
 10
10224.06668943805
 20
1520.0813435078
 10
10225.88991208385
 20
1527.6781053259003
  0
LWPOLYLINE
  5
88
330
17
100
AcDbEntity
  8
0
100
AcDbPolyline
 90
16
 70
0
 10
10175.56332838645
 20
1737.8836880727001
 10
10172.828902188829
 20
1737.3397768843063
 10
10170.51076759216
 20
1735.7908488669907
 10
10168.961839574844
 20
1733.4727142703216
 10
10168.41792838645
 20
1730.7382880727002
 10
10168.961839574844
 20
1728.0038618750789
 10
10170.51076759216
 20
1725.6857272784098
 10
10172.828902188829
 20
1724.1367992610942
 10
10175.56332838645
 20
1723.5928880727004
 10
10178.297754584073
 20
1724.1367992610942
 10
10180.61588918074
 20
1725.6857272784098
 10
10182.164817198056
 20
1728.0038618750789
 10
10182.70872838645
 20
1730.7382880727002
 10
10182.164817198056
 20
1733.4727142703216
 10
10180.61588918074
 20
1735.7908488669907
 10
10178.297754584073
 20
1737.3397768843063
  0
LWPOLYLINE
  5
89
330
17
100
AcDbEntity
  8
0
100
AcDbPolyline
 90
16
 70
0
 10
10174.78663531545
 20
1882.7107888866
 10
10172.052209117828
 20
1882.1668776982062
 10
10169.73407452116
 20
1880.6179496808907
 10
10168.185146503843
 20
1878.2998150842216
 10
10167.64123531545
 20
1875.5653888866002
 10
10168.185146503843
 20
1872.8309626889788
 10
10169.73407452116
 20
1870.5128280923097
 10
10172.052209117828
 20
1868.9639000749942
 10
10174.78663531545
 20
1868.4199888866003
 10
10177.52106151307
 20
1868.9639000749942
 10
10179.83919610974
 20
1870.5128280923097
 10
10181.388124127057
 20
1872.8309626889788
 10
10181.93203531545
 20
1875.5653888866002
 10
10181.388124127057
 20
1878.2998150842216
 10
10179.83919610974
 20
1880.6179496808907
 10
10177.52106151307
 20
1882.1668776982062
  0
LWPOLYLINE
  5
8A
330
17
100
AcDbEntity
  8
0
100
AcDbPolyline
 90
66
 70
0
 10
9958.846754699163
 20
739.7037130270536
 10
10153.252119331964
 20
742.2659296134537
 10
10162.838439180665
 20
744.4030068088537
 10
10166.135645901864
 20
745.3799568602537
 10
10173.462768905563
 20
748.9824591327537
 10
10179.141289739564
 20
753.2566147144537
 10
10181.461546409364
 20
756.4317017860537
 10
10183.598623604765
 20
760.4005606255537
 10
10185.002988857064
 20
764.0641227228538
 10
10185.520771931764
 20
767.4702586852537
 10
10184.162505227563
 20
966.2932513863537
 10
10183.529441841963
 20
973.3835627341535
 10
10182.389927986063
 20
978.1948451792538
 10
10179.604448613063
 20
984.6520931414537
 10
10177.958483095965
 20
987.0577337685538
 10
10173.576849608577
 20
991.6866116480651
 10
10162.820878680985
 20
1000.591175675654
 10
10157.700451184064
 20
1004.3530279878538
 10
10151.597718670164
 20
1009.7973750094537
 10
10145.646922369164
 20
1016.7610734419537
 10
10143.747732212363
 20
1023.0917072979538
 10
10142.481605441164
 20
1036.132816137654
 10
10143.165551220163
 20
1077.156436777854
 10
10142.198777409263
 20
1082.7535453060539
 10
10140.468762933764
 20
1087.5874119787538
 10
10138.128153782964
 20
1091.505388424854
 10
10135.533130283364
 20
1094.7618878022538
 10
10129.834256968363
 20
1099.443104912954
 10
10123.880968113664
 20
1102.648721896954
 10
10118.843570676465
 20
1104.378737563354
 10
10113.195579754864
 20
1105.0402134411538
 10
9841.124300896165
 20
1103.9095277269537
 10
9830.573242484665
 20
1099.4253283486537
 10
9821.692769065963
 20
1093.3584693154537
 10
9817.208569687664
 20
1089.1380459508537
 10
9814.922506138664
 20
1085.7089530091537
 10
9814.038796411864
 20
1081.5763370833538
 10
9815.014019658263
 20
1029.1082698605537
 10
9813.475323267763
 20
1022.5871301133536
 10
9809.518677107764
 20
1016.3590744288535
 10
9805.855115010465
 20
1013.1351402119535
 10
9791.852223421763
 20
1005.2906509485533
 10
9786.410590461264
 20
1003.3472105204535
 10
9781.322310630663
 20
1002.6051702576535
 10
9745.117987192563
 20
1003.4947546941535
 10
9735.006555470563
 20
1001.4724683497536
 10
9722.081509363064
 20
996.3727904152536
 10
9717.069756766465
 20
993.4712495009536
 10
9712.849333401864
 20
990.0421553683536
 10
9709.771941811763
 20
985.6458813279536
 10
9706.254922341264
 20
979.2273209431536
 10
9705.199817095563
 20
975.5344496059536
 10
9708.543022329264
 20
723.1573091273535
 10
9711.201888786964
 20
716.1936106948535
 10
9713.734142329364
 20
712.0153916353536
 10
9717.026072172664
 20
707.7105596605535
 10
9727.028475808764
 20
701.5065375289536
 10
9733.738948410664
 20
699.7339602874536
 10
9742.601838190863
 20
698.8476710712536
 10
9759.188101513564
 20
698.8476710712536
 10
9765.392123645164
 20
699.9871849271535
 10
9815.186972874364
 20
711.2095274688536
 10
9846.139598542355
 20
717.0073670885503
 10
9866.837773063164
 20
720.5619938572536
 10
9926.668469973163
 20
734.9410836105536
 10
9946.329585887164
 20
738.5435858830535
  0
LWPOLYLINE
  5
8B
330
17
100
AcDbEntity
  8
0
100
AcDbPolyline
 90
53
 70
0
 10
9764.11443138475
 20
1.000025099999845
 10
10201.21581028935
 20
1.444614269799949
 10
10205.20162992665
 20
2.250259310699953
 10
10211.05315280365
 20
4.158364544899935
 10
10216.26863980865
 20
6.9145156235999226
 10
10219.83043592825
 20
9.458655538900016
 10
10222.92580653565
 20
12.978049664000022
 10
10225.51234844545
 20
17.939123511100036
 10
10227.59006403945
 20
24.494524260399942
 10
10228.14977393955
 20
30.80399225069999
 10
10227.8187737853
 20
82.22757808892976
 10
10226.271717843556
 20
128.85776648299458
 10
10220.618867813859
 20
259.6089604753359
 10
10215.69706682199
 20
414.4192022066998
 10
10213.849495259357
 20
525.6737850699247
 10
10211.568797528485
 20
591.2856457509396
 10
10209.11904188615
 20
640.1229325983007
 10
10205.59420653895
 20
647.8481627538996
 10
10201.197932498551
 20
654.5036336393006
 10
10194.54246161315
 20
660.6095708651006
 10
10189.77983100575
 20
663.8457165706008
 10
10175.93733101995
 20
671.6832962322006
 10
10139.34626161595
 20
701.8171188649006
 10
10131.876112713151
 20
706.6284013099997
 10
10120.35435647525
 20
712.9590363569006
 10
10104.02131898315
 20
718.6566080182007
 10
10090.09392211815
 20
722.4549883318006
 10
10062.492160199876
 20
727.6695570690437
 10
10033.0210696106
 20
732.2080593994485
 10
10011.34082337325
 20
734.7364208706006
 10
9936.976965213351
 20
734.6906998378005
 10
9927.04138535805
 20
733.7235187391005
 10
9917.10580550275
 20
731.6133070568004
 10
9909.36836266765
 20
728.3600647909005
 10
9892.66251988505
 20
717.2814531610994
 10
9882.832473257724
 20
708.4305388703284
 10
9870.396326021664
 20
695.9036822336585
 10
9825.026231678616
 20
648.4640523742934
 10
9760.24603686925
 20
581.6342358894004
 10
9754.320562674951
 20
573.2777977703994
 10
9750.37024614845
 20
565.5290997394005
 10
9744.14090071925
 20
554.8936339086005
 10
9737.602627526261
 20
537.2614149550753
 10
9735.32865753425
 20
530.2801246176003
 10
9733.65736991045
 20
514.6307947245003
 10
9734.19534231285
 20
33.1172511920999
 10
9735.23335218905
 20
26.156483564499858
 10
9737.91996423495
 20
19.378894220399893
 10
9742.07200016705
 20
13.334016819399887
 10
9745.491325346951
 20
9.975751464299883
 10
9751.719379840551
 20
5.091002398199916
 10
9756.35989198925
 20
2.5875686357998657
 10
9760.57298774615
 20
1.3663816669998694
  0
LWPOLYLINE
  5
8C
330
17
100
AcDbEntity
  8
0
100
AcDbPolyline
 90
16
 70
0
 10
9958.18419206125
 20
53.64821594779993
 10
9957.640280872856
 20
56.38264214542141
 10
9956.091352855541
 20
58.70077674209028
 10
9953.773218258872
 20
60.24970475940608
 10
9951.03879206125
 20
60.79361594779992
 10
9948.304365863629
 20
60.24970475940607
 10
9945.986231266961
 20
58.70077674209027
 10
9944.437303249644
 20
56.3826421454214
 10
9943.89339206125
 20
53.648215947799926
 10
9944.437303249644
 20
50.91378975017845
 10
9945.986231266961
 20
48.59565515350958
 10
9948.304365863629
 20
47.04672713619378
 10
9951.03879206125
 20
46.50281594779993
 10
9953.773218258872
 20
47.04672713619379
 10
9956.091352855541
 20
48.59565515350959
 10
9957.640280872856
 20
50.91378975017846
  0
LWPOLYLINE
  5
8D
330
17
100
AcDbEntity
  8
0
100
AcDbPolyline
 90
66
 70
0
 10
9780.09731638475
 20
1136.6963287106873
 10
9974.502681017551
 20
1134.1341121242874
 10
9987.01984982955
 20
1132.9739849802875
 10
10006.680965743551
 20
1129.3714815168873
 10
10066.511662653551
 20
1114.9923929544873
 10
10108.380193831554
 20
1107.5713957626551
 10
10134.634100320503
 20
1102.1302131676593
 10
10174.16133420315
 20
1093.2780701684874
 10
10190.747597525851
 20
1093.2780701684874
 10
10199.61048730605
 20
1094.1643593846875
 10
10206.320959907951
 20
1095.9369366261874
 10
10216.32336354405
 20
1102.1409587577873
 10
10219.61529338735
 20
1106.4457907325873
 10
10222.147546929751
 20
1110.6240097920875
 10
10224.80641338745
 20
1117.5877082245875
 10
10225.31286504865
 20
1124.4247937417874
 10
10228.149619812051
 20
1369.9648487031875
 10
10227.09451337545
 20
1373.6577188494873
 10
10223.577493904952
 20
1380.0762792342873
 10
10220.50010231485
 20
1384.4725544655873
 10
10216.27967895025
 20
1387.9016474072873
 10
10208.071095070707
 20
1392.1975937166055
 10
10198.342880246151
 20
1395.9028674469873
 10
10188.231448524151
 20
1397.9251537913874
 10
10152.027126276951
 20
1397.0355681639874
 10
10146.93884525545
 20
1397.7776096176874
 10
10138.530041134776
 20
1401.2565349865554
 10
10127.49432070625
 20
1407.5655393091872
 10
10123.83075860895
 20
1410.7894735260872
 10
10119.87411244895
 20
1417.0175280196875
 10
10118.335416058451
 20
1423.5386689577874
 10
10119.310639304851
 20
1476.0067361805875
 10
10118.42692957805
 20
1480.1393509154873
 10
10116.14086602905
 20
1483.5684450480874
 10
10111.65666665075
 20
1487.7888684126874
 10
10102.77619323205
 20
1493.8557274458874
 10
10092.22513482055
 20
1498.3399268241874
 10
10087.63835488895
 20
1498.7942087290874
 10
9820.153855961851
 20
1499.4706125383873
 10
9814.50586504025
 20
1498.8091366605875
 10
9809.46846760305
 20
1497.0791209941874
 10
9803.51517874835
 20
1493.8735040101874
 10
9797.81630543335
 20
1489.1922868994873
 10
9795.221281933751
 20
1485.9357863311873
 10
9792.88067278295
 20
1482.0178110759873
 10
9791.150658307452
 20
1477.1839444032873
 10
9790.18388449655
 20
1471.5868358750874
 10
9790.86783146645
 20
1430.5632152348874
 10
9789.601703504351
 20
1417.5221063951874
 10
9787.70251334755
 20
1411.1914713482872
 10
9781.75171704655
 20
1404.2277729157875
 10
9772.49047513159
 20
1396.4783906265068
 10
9762.36476633777
 20
1388.4332973802955
 10
9758.303044909051
 20
1384.7800627090876
 10
9753.744988294551
 20
1379.0824910477875
 10
9750.95950892155
 20
1372.6252442764874
 10
9749.819993874751
 20
1367.8139618313874
 10
9749.186930489152
 20
1360.7236504835873
 10
9747.82866378495
 20
1161.9006565915874
 10
9748.34644685965
 20
1158.4945218200874
 10
9749.750812111952
 20
1154.8309597227874
 10
9751.88789049825
 20
1150.8621008832874
 10
9754.20814597715
 20
1147.6870138116874
 10
9759.886666811151
 20
1143.4128582299873
 10
9767.213791005752
 20
1139.8103559574874
 10
9775.639982519551
 20
1137.4901004785872
  0
LWPOLYLINE
  5
8E
330
17
100
AcDbEntity
  8
0
100
AcDbPolyline
 90
54
 70
0
 10
10483.79979238475
 20
1998.9999771000003
 10
10475.925799464829
 20
1997.9839706302737
 10
10472.369814967758
 20
1996.7139816166018
 10
10469.321795558579
 20
1994.935951221094
 10
10465.765811061508
 20
1991.8879318119143
 10
10462.463809108383
 20
1987.5699233890628
 10
10459.92383108104
 20
1982.4899673343753
 10
10458.399783229477
 20
1976.6479873539065
 10
10453.573809718735
 20
1764.303970325098
 10
10446.304029324645
 20
1675.3645231303244
 10
10443.15983877147
 20
1645.9399413944338
 10
10436.809817409165
 20
1598.69594572793
 10
10435.285769557602
 20
1576.3439559818362
 10
10434.269839381821
 20
1557.8019714237307
 10
10434.523821925766
 20
1550.6899642826174
 10
10435.539828395493
 20
1543.3239555240725
 10
10438.079806422837
 20
1537.4819564701174
 10
10443.921786403305
 20
1528.8459586979006
 10
10451.033831691391
 20
1522.749958026514
 10
10459.161807155258
 20
1518.9399528385256
 10
10463.733798122055
 20
1517.6699447513674
 10
10468.559771632797
 20
1516.9079589725588
 10
10743.641787624008
 20
1516.145954120264
 10
10749.737788295395
 20
1516.9079589725588
 10
10755.325785731919
 20
1518.9399528385256
 10
10758.373805141098
 20
1520.7179450870608
 10
10761.16780385936
 20
1523.5119628788088
 10
10768.279811000473
 20
1532.6559448124026
 10
10771.581812953598
 20
1538.497962939844
 10
10774.121790980942
 20
1545.6099700809573
 10
10775.645800685532
 20
1552.2139358402346
 10
10778.439799403794
 20
1570.5019378543948
 10
10779.963809108383
 20
1577.1059417606448
 10
10782.249804591782
 20
1583.9639663578128
 10
10789.107791041977
 20
1596.9179534793948
 10
10798.251811122544
 20
1610.37994383584
 10
10812.073015819902
 20
1627.3530882505977
 10
10831.525813197739
 20
1649.4959640384768
 10
10837.367793178208
 20
1655.3379440189456
 10
10855.655795192368
 20
1672.8639602542971
 10
10860.735789394028
 20
1678.9599609256838
 10
10864.291812038071
 20
1685.0559615970706
 10
10868.609820460922
 20
1697.7559661747073
 10
10870.13379201854
 20
1704.6139526249026
 10
10871.149798488266
 20
1711.7259597660159
 10
10870.641795253403
 20
1763.2879638553713
 10
10869.625788783676
 20
1971.059989917383
 10
10867.593813991196
 20
1977.9179763675784
 10
10865.561801051743
 20
1981.727943408594
 10
10862.513819789536
 20
1985.537986743555
 10
10858.703814601547
 20
1989.0939712406253
 10
10849.813815211899
 20
1994.935951221094
 10
10844.987803554184
 20
1996.7139816166018
 10
10834.319811916
 20
1998.7459182621096
  0
LWPOLYLINE
  5
8F
330
17
100
AcDbEntity
  8
0
100
AcDbPolyline
 90
24
 70
0
 10
10827.207804774887
 20
1942.61196135293
 10
10823.651820277817
 20
1942.103919971094
 10
10820.349818324692
 20
1940.5799484134768
 10
10817.301798915512
 20
1938.5479354740237
 10
10815.015803432114
 20
1935.499916064844
 10
10813.745814418442
 20
1932.1979904056643
 10
10813.237811183579
 20
1928.6419296146487
 10
10813.745814418442
 20
1924.831962573633
 10
10815.015803432114
 20
1921.529960620508
 10
10817.301798915512
 20
1918.7359237552737
 10
10820.349818324692
 20
1916.4499282718753
 10
10823.651820277817
 20
1914.925956714258
 10
10827.207804774887
 20
1914.4179916263674
 10
10830.763789271958
 20
1914.925956714258
 10
10834.319811916
 20
1916.4499282718753
 10
10837.113810634262
 20
1918.7359237552737
 10
10839.39980611766
 20
1921.529960620508
 10
10840.669795131333
 20
1924.831962573633
 10
10841.177798366196
 20
1928.6419296146487
 10
10840.669795131333
 20
1932.1979904056643
 10
10839.39980611766
 20
1935.499916064844
 10
10837.113810634262
 20
1938.5479354740237
 10
10834.319811916
 20
1940.5799484134768
 10
10830.763789271958
 20
1942.103919971094
  0
LWPOLYLINE
  5
90
330
17
100
AcDbEntity
  8
0
100
AcDbPolyline
 90
23
 70
0
 10
10511.993838405258
 20
1944.8979568363284
 10
10508.183795070297
 20
1944.3899917484378
 10
10504.881793117172
 20
1942.8659438968753
 10
10502.087832545883
 20
1940.8339309574221
 10
10499.801837062485
 20
1937.7859878421878
 10
10498.277789210922
 20
1934.4839858890628
 10
10497.769824123032
 20
1930.9279250980471
 10
10498.277789210922
 20
1927.1179580570315
 10
10499.801837062485
 20
1923.8159561039065
 10
10502.087832545883
 20
1921.0219192386721
 10
10504.881793117172
 20
1918.7359237552737
 10
10508.183795070297
 20
1917.2119521976565
 10
10515.549822902329
 20
1917.2119521976565
 10
10518.851824855454
 20
1918.7359237552737
 10
10521.645785426743
 20
1921.0219192386721
 10
10523.931780910141
 20
1923.8159561039065
 10
10525.455828761704
 20
1927.1179580570315
 10
10525.963793849594
 20
1930.9279250980471
 10
10525.455828761704
 20
1934.4839858890628
 10
10523.931780910141
 20
1937.7859878421878
 10
10521.645785426743
 20
1940.8339309574221
 10
10518.851824855454
 20
1942.8659438968753
 10
10515.549822902329
 20
1944.3899917484378
  0
LWPOLYLINE
  5
91
330
17
100
AcDbEntity
  8
0
100
AcDbPolyline
 90
78
 70
0
 10
10448.23964338475
 20
867.0172904919879
 10
10448.23964338475
 20
746.3672660779254
 10
10446.969578077133
 20
607.6832603406207
 10
10449.763614942367
 20
596.7612480115191
 10
10453.827640821273
 20
586.3472770642535
 10
10459.669620801742
 20
575.4252647351519
 10
10466.781589795883
 20
565.5192588757769
 10
10474.655582715804
 20
557.1373008679644
 10
10483.291599561508
 20
550.2793144177691
 10
10490.403568555648
 20
545.9613059949176
 10
10498.277637769515
 20
542.6593040417926
 10
10506.659595777328
 20
539.8652671765582
 10
10515.295612623031
 20
537.833254237105
 10
10628.833591749008
 20
537.5792716931597
 10
10644.07361250096
 20
539.1033195447222
 10
10659.56761579686
 20
541.643297572066
 10
10671.251575757797
 20
544.437258143355
 10
10681.411640455062
 20
548.247301478316
 10
10690.04758100682
 20
553.0732749890582
 10
10698.429615308578
 20
558.6612724255817
 10
10704.017612745101
 20
563.4873222302692
 10
10708.335621167953
 20
568.3132957410114
 10
10711.383640577133
 20
573.1392692517536
 10
10712.90761213475
 20
576.9493125867145
 10
10713.669636060531
 20
581.5213035535114
 10
10714.685642530258
 20
598.539278407027
 10
10715.447590162094
 20
622.1612571667927
 10
10716.717579175765
 20
628.0033134412067
 10
10718.495609571273
 20
632.8292869519489
 10
10723.06760053807
 20
640.4492973279255
 10
10728.147632886703
 20
646.0372947644489
 10
10734.497577955062
 20
650.1013206433552
 10
10741.863605787094
 20
653.1492637585895
 10
10815.523578931625
 20
651.1172508191364
 10
10824.667637159164
 20
652.133257288863
 10
10833.049595166976
 20
654.4192527722614
 10
10840.669605542953
 20
657.7212547253864
 10
10847.781574537094
 20
662.2933219861286
 10
10854.131595899398
 20
667.881319422652
 10
10859.973575879867
 20
674.7393058728474
 10
10864.54564314061
 20
681.851274866988
 10
10868.60959272557
 20
691.2493156384724
 10
10871.149570752914
 20
701.663286585738
 10
10870.133640577133
 20
947.0272849988239
 10
10868.60959272557
 20
953.6312889050739
 10
10866.323597242172
 20
959.7272895764605
 10
10863.275577832992
 20
965.3152870129841
 10
10859.973575879867
 20
970.1412986706989
 10
10854.89361982518
 20
974.7132896374958
 10
10849.05163984471
 20
979.0312980603475
 10
10842.19357710057
 20
982.3333000134725
 10
10834.827625562484
 20
984.8732780408161
 10
10714.939625074203
 20
984.1112922620075
 10
10698.937580396469
 20
993.2552741956014
 10
10683.44357710057
 20
1003.415300745894
 10
10664.647571851547
 20
1018.4013008069293
 10
10656.265613843734
 20
1023.7352775525349
 10
10651.439640332992
 20
1025.767290491988
 10
10640.771610547836
 20
1028.3072685193317
 10
10634.675571729476
 20
1028.815271754195
 10
10624.769642164047
 20
1029.069292445113
 10
10598.353626539047
 20
1027.799303431441
 10
10589.209568311508
 20
1028.0532859753864
 10
10539.171573926742
 20
1032.371294398238
 10
10525.455601026351
 20
1032.6252769421833
 10
10513.263599683578
 20
1031.6092704724567
 10
10490.403568555648
 20
1028.3072685193317
 10
10483.291599561508
 20
1026.2752937268515
 10
10476.941578199203
 20
1023.4812950085893
 10
10466.781589795883
 20
1015.8612846326129
 10
10462.209598829086
 20
1011.0352729748979
 10
10457.891590406234
 20
1005.4472755383746
 10
10450.017597486312
 20
991.731302637984
 10
10443.413593580062
 20
975.4752754163043
 10
10441.127598096664
 20
965.315287012984
 10
10440.111591626937
 20
953.885271449019
 10
10440.365574170883
 20
941.6932701062457
 10
10444.429600049789
 20
892.1632789563433
  0
LWPOLYLINE
  5
92
330
17
100
AcDbEntity
  8
0
100
AcDbPolyline
 90
24
 70
0
 10
10520.883610059554
 20
942.7092765759724
 10
10520.375568677719
 20
946.2652992200151
 10
10519.105579664047
 20
949.5673011731401
 10
10516.819584180648
 20
952.3612998914018
 10
10513.771641065414
 20
954.6472953748004
 10
10510.469639112289
 20
956.1712669324176
 10
10506.913578321273
 20
956.679270167281
 10
10503.357593824203
 20
956.1712669324176
 10
10499.801609327133
 20
954.6472953748004
 10
10497.007572461898
 20
952.3612998914018
 10
10494.7215769785
 20
949.5673011731401
 10
10493.451587964828
 20
946.2652992200151
 10
10492.943622876937
 20
942.7092765759724
 10
10493.451587964828
 20
938.899271387984
 10
10494.7215769785
 20
935.597269434859
 10
10497.007572461898
 20
932.8032707165974
 10
10499.801609327133
 20
930.5172752331988
 10
10503.357593824203
 20
928.9933036755816
 10
10506.913578321273
 20
928.4853004407183
 10
10510.469639112289
 20
928.9933036755816
 10
10513.771641065414
 20
930.5172752331988
 10
10516.819584180648
 20
932.8032707165974
 10
10519.105579664047
 20
935.597269434859
 10
10520.375568677719
 20
938.899271387984
  0
LWPOLYLINE
  5
93
330
17
100
AcDbEntity
  8
0
100
AcDbPolyline
 90
24
 70
0
 10
10518.34363203221
 20
628.2572959851519
 10
10517.835590650375
 20
631.8132804822222
 10
10516.311619092758
 20
635.1152824353472
 10
10514.02562360936
 20
638.1633018445269
 10
10511.231586744125
 20
640.19531478398
 10
10507.929584791
 20
641.7192863415972
 10
10504.37360029393
 20
642.2272514294879
 10
10500.563633252914
 20
641.7192863415972
 10
10497.261631299789
 20
640.19531478398
 10
10494.467594434554
 20
638.1633018445269
 10
10492.181598951156
 20
635.1152824353472
 10
10490.657627393539
 20
631.8132804822222
 10
10490.149586011703
 20
628.2572959851519
 10
10490.657627393539
 20
624.447252650191
 10
10492.181598951156
 20
621.145250697066
 10
10494.467594434554
 20
618.3512901257769
 10
10497.261631299789
 20
616.0652946423785
 10
10500.563633252914
 20
614.5413230847613
 10
10504.37360029393
 20
614.0332817029254
 10
10507.929584791
 20
614.5413230847613
 10
10511.231586744125
 20
616.0652946423785
 10
10514.02562360936
 20
618.3512901257769
 10
10516.311619092758
 20
621.145250697066
 10
10517.835590650375
 20
624.447252650191
  0
LWPOLYLINE
  5
94
330
17
100
AcDbEntity
  8
0
100
AcDbPolyline
 90
78
 70
0
 10
10596.321674384752
 20
1469.4570706225668
 10
10476.43367389647
 20
1469.9650357104567
 10
10469.067722358384
 20
1467.4250576831137
 10
10462.209735908189
 20
1464.1230557299887
 10
10456.367679633775
 20
1460.0590298510817
 10
10451.287723579087
 20
1455.2329800463947
 10
10444.937702216783
 20
1445.0730679370197
 10
10442.651706733384
 20
1438.9770291186596
 10
10441.127735175767
 20
1432.3730252124096
 10
10440.11172870604
 20
1187.0090267993237
 10
10442.651706733384
 20
1176.5950558520587
 10
10446.71573261229
 20
1167.1970150805737
 10
10451.287723579087
 20
1159.8310635424887
 10
10457.129703559556
 20
1153.2270596362387
 10
10463.47972492186
 20
1147.6390621997148
 10
10470.591693916002
 20
1143.0670712329177
 10
10478.211704291978
 20
1139.7650692797927
 10
10486.593738593736
 20
1137.4790737963947
 10
10495.73772052733
 20
1136.2090847827228
 10
10505.135685004869
 20
1136.2090847827228
 10
10569.39769367186
 20
1138.2410214282306
 10
10576.763721503892
 20
1135.4470608569418
 10
10583.113742866197
 20
1131.1290524340898
 10
10588.193698920884
 20
1125.7950375415119
 10
10592.765689887681
 20
1117.9210446215895
 10
10594.543720283189
 20
1113.0950711108478
 10
10595.559726752916
 20
1107.2530148364337
 10
10597.591739692369
 20
1066.6130612231523
 10
10598.353687324205
 20
1062.2950528003007
 10
10599.877735175767
 20
1058.485085759285
 10
10602.925678291002
 20
1053.4050534106523
 10
10607.243686713853
 20
1048.57907989991
 10
10612.831684150377
 20
1044.007012639168
 10
10621.213718452134
 20
1038.1650326586991
 10
10629.849735297837
 20
1033.339059147957
 10
10639.755741157212
 20
1029.7830746508866
 10
10651.693683662095
 20
1026.735055241707
 10
10667.187686957994
 20
1024.1950772143632
 10
10682.427707709947
 20
1022.9250119067458
 10
10795.965686835923
 20
1022.9250119067459
 10
10804.601703681627
 20
1024.9570248461991
 10
10812.983737983384
 20
1027.7510617114335
 10
10820.603672065416
 20
1031.3070462085038
 10
10827.715717353502
 20
1035.37107208741
 10
10836.60571674315
 20
1042.4830410815507
 10
10844.479709663072
 20
1050.8650753833085
 10
10851.591678657212
 20
1060.7710812426835
 10
10857.433734931627
 20
1071.6930172778398
 10
10861.497684516587
 20
1081.8530819751054
 10
10864.291721381822
 20
1093.0290768481523
 10
10863.02173236815
 20
1231.7130825854567
 10
10863.02173236815
 20
1352.3630307055737
 10
10866.831699409166
 20
1377.5090573169027
 10
10870.895725288072
 20
1427.0390103198317
 10
10871.149707832015
 20
1438.9770291186596
 10
10870.13370136229
 20
1450.6609890795978
 10
10867.593723334947
 20
1460.8210537768637
 10
10861.24370197264
 20
1477.0770047045978
 10
10857.433734931627
 20
1484.1889736987387
 10
10853.36970905272
 20
1490.5390713549887
 10
10849.051700629869
 20
1496.1269924975668
 10
10844.479709663072
 20
1501.2071011401447
 10
10839.399677314439
 20
1505.2709744311596
 10
10834.319721259752
 20
1508.5729763842846
 10
10827.969699897447
 20
1511.3670132495197
 10
10820.603672065416
 20
1513.3990261889728
 10
10812.729679145494
 20
1514.9230740405346
 10
10785.551715888658
 20
1517.7171109057697
 10
10771.835742988265
 20
1517.7171109057697
 10
10721.797672309554
 20
1513.1451199389728
 10
10712.907672919908
 20
1513.1451199389728
 10
10676.585727729476
 20
1514.1610501147536
 10
10664.901691474595
 20
1512.3830960131918
 10
10659.821735419908
 20
1510.8590481616286
 10
10654.99568561522
 20
1508.8270352221757
 10
10646.359745063462
 20
1503.4930203295978
 10
10627.817722358384
 20
1488.5070584155346
 10
10612.323719062486
 20
1478.6010525561596
  0
LWPOLYLINE
  5
95
330
17
100
AcDbEntity
  8
0
100
AcDbPolyline
 90
24
 70
0
 10
10790.3776893994
 20
1427.8010342456137
 10
10790.885730781236
 20
1424.2449734545978
 10
10792.155719794908
 20
1420.6890652514728
 10
10794.441715278304
 20
1417.8950283862387
 10
10797.489734687486
 20
1415.6091091967846
 10
10800.79173664061
 20
1414.3391201831137
 10
10804.34772113768
 20
1413.8310025073317
 10
10807.903705634752
 20
1414.3391201831137
 10
10811.459690131822
 20
1415.6091091967846
 10
10814.253726997054
 20
1417.8950283862387
 10
10816.539722480455
 20
1420.6890652514728
 10
10817.809711494127
 20
1424.2449734545978
 10
10818.317676582015
 20
1427.8010342456137
 10
10817.809711494127
 20
1431.3570950366286
 10
10816.539722480455
 20
1434.9130032397536
 10
10814.253726997054
 20
1437.7070401049887
 10
10811.459690131822
 20
1439.9931118823317
 10
10807.903705634752
 20
1441.2631008960036
 10
10804.34772113768
 20
1441.7710659838947
 10
10800.79173664061
 20
1441.2631008960036
 10
10797.489734687486
 20
1439.9931118823317
 10
10794.441715278304
 20
1437.7070401049887
 10
10792.155719794908
 20
1434.9130032397536
 10
10790.885730781236
 20
1431.3570950366286
  0
LWPOLYLINE
  5
96
330
17
100
AcDbEntity
  8
0
100
AcDbPolyline
 90
24
 70
0
 10
10792.917743720689
 20
1113.3490536547927
 10
10793.42570880858
 20
1109.7930691577228
 10
10794.949680366197
 20
1106.4910672045978
 10
10796.98169330565
 20
1103.4430477954177
 10
10800.02971271483
 20
1101.1570523120195
 10
10803.331714667955
 20
1099.8870632983476
 10
10806.887699165025
 20
1099.3790219165116
 10
10810.697742499986
 20
1099.8870632983476
 10
10813.99974445311
 20
1101.1570523120195
 10
10816.7937050244
 20
1103.4430477954177
 10
10819.079700507798
 20
1106.4910672045978
 10
10820.603672065416
 20
1109.7930691577228
 10
10820.857730903304
 20
1113.3490536547927
 10
10820.603672065416
 20
1116.9050381518637
 10
10819.079700507798
 20
1120.4610226489337
 10
10816.7937050244
 20
1123.2550595141677
 10
10813.99974445311
 20
1125.5410549975668
 10
10810.697742499986
 20
1126.8110440112387
 10
10806.887699165025
 20
1127.3190853930737
 10
10803.331714667955
 20
1126.8110440112387
 10
10800.02971271483
 20
1125.5410549975668
 10
10796.98169330565
 20
1123.2550595141677
 10
10794.949680366197
 20
1120.4610226489337
 10
10793.42570880858
 20
1116.9050381518637
  0
LWPOLYLINE
  5
97
330
17
100
AcDbEntity
  8
0
100
AcDbPolyline
 90
53
 70
0
 10
10529.01181338475
 20
184.1788526552388
 10
10789.615832549789
 20
184.17885265523887
 10
10797.235842925766
 20
185.44884166891075
 10
10803.839846832016
 20
188.24284038717246
 10
10807.903796416977
 20
191.03683910543413
 10
10811.459857207992
 20
194.59286174947718
 10
10814.761859161117
 20
198.9108320253561
 10
10817.301837188461
 20
203.736843683071
 10
10818.317843658187
 20
207.038845636196
 10
10818.825808746078
 20
210.5948682802389
 10
10818.571826202133
 20
223.0408521669577
 10
10819.079791290023
 20
227.8668638246725
 10
10821.111804229477
 20
242.0908399599264
 10
10822.381793243148
 20
246.1548658388327
 10
10824.413806182602
 20
249.71085033590296
 10
10826.95386050389
 20
252.50484905416468
 10
10830.763827544906
 20
255.0448652284811
 10
10846.257830840805
 20
262.1568342226217
 10
10860.481845123031
 20
267.74486980611783
 10
10863.783847076156
 20
270.0308652895163
 10
10866.069842559555
 20
272.3168607729147
 10
10868.101855499008
 20
275.3648420351217
 10
10869.625827056625
 20
278.9208646791647
 10
10870.641833526352
 20
282.730869867153
 10
10871.149798614242
 20
287.0488401430319
 10
10871.149798614242
 20
303.3048673647116
 10
10869.37184451268
 20
503.20286235982877
 10
10868.101855499008
 20
510.3148313539694
 10
10865.81586001561
 20
516.9188352602193
 10
10862.76784060643
 20
522.5068326967428
 10
10858.703814727523
 20
527.3328825014303
 10
10854.639788848617
 20
530.6348844545553
 10
10849.813815337875
 20
533.174862481899
 10
10843.971835357406
 20
535.4608579652975
 10
10837.875796539047
 20
536.7308469789693
 10
10487.609759551742
 20
536.4768644350239
 10
10482.021838409164
 20
534.6988340395161
 10
10476.687823516586
 20
532.1588560121724
 10
10471.8617737119
 20
529.1108366029927
 10
10467.797900420883
 20
525.5548521059224
 10
10464.749804717758
 20
521.7448850649067
 10
10462.209826690414
 20
517.6808591860005
 10
10458.145800811508
 20
508.0288358705709
 10
10458.3998596494
 20
261.394848443813
 10
10463.479815704086
 20
248.6948438661763
 10
10470.337878448228
 20
237.51884899312938
 10
10473.13176272557
 20
234.72485027486772
 10
10476.687823516586
 20
231.930851556606
 10
10497.007800323228
 20
217.70683727437938
 10
10500.563861114242
 20
213.6428495424459
 10
10510.977832061508
 20
198.40286693746538
 10
10516.311846954086
 20
192.81486950094188
 10
10522.4078094785
 20
188.2428403871724
  0
LWPOLYLINE
  5
98
330
17
100
AcDbEntity
  8
0
100
AcDbPolyline
 90
24
 70
0
 10
10502.341815215806
 20
481.61282024557096
 10
10498.785830718736
 20
481.10485515768033
 10
10495.483828765611
 20
479.58088360006315
 10
10492.435809356431
 20
477.2948881166647
 10
10490.403796416978
 20
474.50085125143033
 10
10488.879901153306
 20
471.19884929830533
 10
10488.371783477525
 20
467.3888822572897
 10
10488.879901153306
 20
463.8328214662741
 10
10490.403796416978
 20
460.5308195131491
 10
10492.435809356431
 20
457.73685894186
 10
10495.483828765611
 20
455.4508634584616
 10
10498.785830718736
 20
453.9268156068991
 10
10502.341815215806
 20
453.41885051900846
 10
10506.151858550767
 20
453.9268156068991
 10
10509.453860503892
 20
455.4508634584616
 10
10512.247821075181
 20
457.73685894186
 10
10514.533816558578
 20
460.5308195131491
 10
10516.057788116195
 20
463.8328214662741
 10
10516.311846954086
 20
467.3888822572897
 10
10516.057788116195
 20
471.19884929830533
 10
10514.533816558578
 20
474.50085125143033
 10
10512.247821075181
 20
477.2948881166647
 10
10509.453860503892
 20
479.58088360006315
 10
10506.151858550767
 20
481.10485515768033
  0
LWPOLYLINE
  5
99
330
17
100
AcDbEntity
  8
0
100
AcDbPolyline
 90
24
 70
0
 10
10816.53981326268
 20
455.9588285463522
 10
10820.09579775975
 20
456.46686992818815
 10
10823.397799712875
 20
457.73685894186
 10
10826.445819122055
 20
460.02285442525846
 10
10828.477832061508
 20
462.8168149965475
 10
10830.001803619125
 20
466.37287578756315
 10
10830.509845000961
 20
469.92886028463346
 10
10830.001803619125
 20
473.48484478170377
 10
10828.477832061508
 20
476.78684673482877
 10
10826.445819122055
 20
479.83486614400846
 10
10823.397799712875
 20
481.8668790834616
 10
10820.09579775975
 20
483.39085064107877
 10
10816.53981326268
 20
483.8988157289694
 10
10812.729846221664
 20
483.39085064107877
 10
10809.427844268539
 20
481.8668790834616
 10
10806.633807403305
 20
479.83486614400846
 10
10804.347811919906
 20
476.78684673482877
 10
10803.077822906234
 20
473.48484478170377
 10
10802.569857818344
 20
469.92886028463346
 10
10803.077822906234
 20
466.37287578756315
 10
10804.347811919906
 20
462.8168149965475
 10
10806.633807403305
 20
460.02285442525846
 10
10809.427844268539
 20
457.73685894186
 10
10812.729846221664
 20
456.46686992818815
  0
ENDSEC
  0
SECTION
  2
OBJECTS
  0
DICTIONARY
  5
A
330
0
100
AcDbDictionary
281
1
  3
ACAD_COLOR
350
B
  3
ACAD_GROUP
350
C
  3
ACAD_LAYOUT
350
D
  3
ACAD_MATERIAL
350
E
  3
ACAD_MLEADERSTYLE
350
F
  3
ACAD_MLINESTYLE
350
10
  3
ACAD_PLOTSETTINGS
350
11
  3
ACAD_PLOTSTYLENAME
350
12
  3
ACAD_SCALELIST
350
14
  3
ACAD_TABLESTYLE
350
15
  3
ACAD_VISUALSTYLE
350
16
  3
EZDXF_META
350
2D
  0
DICTIONARY
  5
B
330
A
100
AcDbDictionary
281
1
  0
DICTIONARY
  5
C
330
A
100
AcDbDictionary
281
1
  0
DICTIONARY
  5
D
330
A
100
AcDbDictionary
281
1
  3
Model
350
1A
  3
Layout1
350
1E
  0
DICTIONARY
  5
E
330
A
100
AcDbDictionary
281
1
  3
ByBlock
350
1F
  3
ByLayer
350
20
  3
Global
350
21
  0
DICTIONARY
  5
F
330
A
100
AcDbDictionary
281
1
  3
Standard
350
2C
  0
DICTIONARY
  5
10
330
A
100
AcDbDictionary
281
1
  3
Standard
350
22
  0
DICTIONARY
  5
11
330
A
100
AcDbDictionary
281
1
  0
ACDBDICTIONARYWDFLT
  5
12
330
A
100
AcDbDictionary
281
1
  3
Normal
350
13
100
AcDbDictionaryWithDefault
340
13
  0
ACDBPLACEHOLDER
  5
13
330
12
  0
DICTIONARY
  5
14
330
A
100
AcDbDictionary
281
1
  0
DICTIONARY
  5
15
330
A
100
AcDbDictionary
281
1
  0
DICTIONARY
  5
16
330
A
100
AcDbDictionary
281
1
  0
LAYOUT
  5
1A
330
D
100
AcDbPlotSettings
  1

  4
A3
  6

 40
7.5
 41
20.0
 42
7.5
 43
20.0
 44
420.0
 45
297.0
 46
0.0
 47
0.0
 48
0.0
 49
0.0
140
0.0
141
0.0
142
1.0
143
1.0
 70
1024
 72
1
 73
0
 74
5
  7

 75
16
 76
0
 77
2
 78
300
147
1.0
148
0.0
149
0.0
100
AcDbLayout
  1
Model
 70
1
 71
0
 10
0.0
 20
0.0
 11
420.0
 21
297.0
 12
0.0
 22
0.0
 32
0.0
 14
1e+20
 24
1e+20
 34
1e+20
 15
-1e+20
 25
-1e+20
 35
-1e+20
146
0.0
 13
0.0
 23
0.0
 33
0.0
 16
1.0
 26
0.0
 36
0.0
 17
0.0
 27
1.0
 37
0.0
 76
1
330
17
  0
LAYOUT
  5
1E
330
D
100
AcDbPlotSettings
  1

  4
A3
  6

 40
7.5
 41
20.0
 42
7.5
 43
20.0
 44
420.0
 45
297.0
 46
0.0
 47
0.0
 48
0.0
 49
0.0
140
0.0
141
0.0
142
1.0
143
1.0
 70
0
 72
1
 73
0
 74
5
  7

 75
16
 76
0
 77
2
 78
300
147
1.0
148
0.0
149
0.0
100
AcDbLayout
  1
Layout1
 70
1
 71
1
 10
0.0
 20
0.0
 11
420.0
 21
297.0
 12
0.0
 22
0.0
 32
0.0
 14
1e+20
 24
1e+20
 34
1e+20
 15
-1e+20
 25
-1e+20
 35
-1e+20
146
0.0
 13
0.0
 23
0.0
 33
0.0
 16
1.0
 26
0.0
 36
0.0
 17
0.0
 27
1.0
 37
0.0
 76
1
330
1B
  0
MATERIAL
  5
1F
102
{ACAD_REACTORS
330
E
102
}
330
E
100
AcDbMaterial
  1
ByBlock
  2

 70
0
 40
1.0
 71
1
 41
1.0
 91
-1023410177
 42
1.0
 72
1
  3

 73
1
 74
1
 75
1
 44
0.5
 73
0
 45
1.0
 46
1.0
 77
1
  4

 78
1
 79
1
170
1
 48
1.0
171
1
  6

172
1
173
1
174
1
140
1.0
141
1.0
175
1
  7

176
1
177
1
178
1
143
1.0
179
1
  8

270
1
271
1
272
1
145
1.0
146
1.0
273
1
  9

274
1
275
1
276
1
 42
1.0
 72
1
  3

 73
1
 74
1
 75
1
 94
63
  0
MATERIAL
  5
20
102
{ACAD_REACTORS
330
E
102
}
330
E
100
AcDbMaterial
  1
ByLayer
  2

 70
0
 40
1.0
 71
1
 41
1.0
 91
-1023410177
 42
1.0
 72
1
  3

 73
1
 74
1
 75
1
 44
0.5
 73
0
 45
1.0
 46
1.0
 77
1
  4

 78
1
 79
1
170
1
 48
1.0
171
1
  6

172
1
173
1
174
1
140
1.0
141
1.0
175
1
  7

176
1
177
1
178
1
143
1.0
179
1
  8

270
1
271
1
272
1
145
1.0
146
1.0
273
1
  9

274
1
275
1
276
1
 42
1.0
 72
1
  3

 73
1
 74
1
 75
1
 94
63
  0
MATERIAL
  5
21
102
{ACAD_REACTORS
330
E
102
}
330
E
100
AcDbMaterial
  1
Global
  2

 70
0
 40
1.0
 71
1
 41
1.0
 91
-1023410177
 42
1.0
 72
1
  3

 73
1
 74
1
 75
1
 44
0.5
 73
0
 45
1.0
 46
1.0
 77
1
  4

 78
1
 79
1
170
1
 48
1.0
171
1
  6

172
1
173
1
174
1
140
1.0
141
1.0
175
1
  7

176
1
177
1
178
1
143
1.0
179
1
  8

270
1
271
1
272
1
145
1.0
146
1.0
273
1
  9

274
1
275
1
276
1
 42
1.0
 72
1
  3

 73
1
 74
1
 75
1
 94
63
  0
MLINESTYLE
  5
22
102
{ACAD_REACTORS
330
10
102
}
330
10
100
AcDbMlineStyle
  2
Standard
 70
0
  3

 62
256
 51
90.0
 52
90.0
 71
2
 49
0.5
 62
256
  6
BYLAYER
 49
-0.5
 62
256
  6
BYLAYER
  0
MLEADERSTYLE
  5
2C
102
{ACAD_REACTORS
330
F
102
}
330
F
100
AcDbMLeaderStyle
179
2
170
2
171
1
172
0
 90
2
 40
0.0
 41
0.0
173
1
 91
-1056964608
 92
-2
290
1
 42
2.0
291
1
 43
8.0
  3
Standard
 44
4.0
300

342
29
174
1
175
1
176
0
178
1
 93
-1056964608
 45
4.0
292
0
297
0
 46
4.0
 94
-1056964608
 47
1.0
 49
1.0
140
1.0
294
1
141
0.0
177
0
142
1.0
295
0
296
0
143
3.75
271
0
272
9
273
9
  0
DICTIONARY
  5
2D
330
A
100
AcDbDictionary
280
1
281
1
  3
CREATED_BY_EZDXF
350
2E
  3
WRITTEN_BY_EZDXF
350
9C
  0
DICTIONARYVAR
  5
2E
330
2D
100
DictionaryVariables
280
0
  1
1.4.2 @ 2025-10-23T11:54:30.411102+00:00
  0
DICTIONARYVAR
  5
9C
330
2D
100
DictionaryVariables
280
0
  1
1.4.2 @ 2025-10-23T11:54:31.416645+00:00
  0
ENDSEC
  0
EOF
